activity_date,customer_id,sales_organization_id,total_sales_amount,total_cases,total_stops,hotshots,off_day_deliveries,driver_labor_cost,overtime_cost,fuel_cost,vehicle_operating_cost,delivery_handling_cost,hotshot_cost,off_day_delivery_cost,other_operational_cost,total_operational_cost
2024-01-01,CUST000018,SO0010,1096.9,66.57,1,0,0,46.54,6.01,10.02,24.99,25.49,0,0,8.4,121.45
2024-01-01,CUST000034,SO0025,1670.28,67.44,1,0,0,49.8,12.7,24.95,32.19,14.19,0,0,10.49,144.32
2024-01-01,CUST000064,SO0041,649.76,26.28,1,0,0,47.87,1.93,23.21,16.22,10.65,0,0,6.94,106.82
2024-01-01,CUST000082,SO0039,1665.24,81.69,1,0,0,29.84,7.15,17.54,11.36,29.67,0,0,2.36,97.92
2024-01-01,CUST000087,SO0032,2575.75,110.02,1,0,0,50.12,0.6,19.56,28.49,49.88,0,0,9.76,158.41
2024-01-01,CUST000093,SO0005,2360.77,116.03,1,0,0,47.02,10.64,8.7,30.76,40.03,0,0,8.9,146.05
2024-01-01,CUST000151,SO0019,1900.55,106.66,1,0,0,43.15,9.16,17.89,15.71,49.21,0,0,10.29,145.41
2024-01-01,CUST000153,SO0048,1454.41,53.53,1,0,1,41.78,13.36,17.8,23.16,11.86,0,110,10.29,228.25
2024-01-01,CUST000202,SO0009,1349.31,52.05,1,0,0,31.34,2.44,9.23,19.37,10.81,0,0,10.35,83.54
2024-01-01,CUST000229,SO0013,272.12,13.56,1,0,0,47.96,8.49,14.02,32.68,5.33,0,0,3.22,111.7
2024-01-01,CUST000241,SO0017,3230.15,140.05,1,0,0,37.69,3.81,15.32,10.3,38.04,0,0,2.53,107.69
2024-01-01,CUST000325,SO0037,1429.94,79.69,1,0,0,45.22,6.63,14.55,30.21,25.77,0,0,4.13,126.51
2024-01-01,CUST000334,SO0025,957.43,61.51,1,0,0,37.03,4.65,14.24,27.01,24.09,0,0,2.92,109.94
2024-01-01,CUST000359,SO0016,5253.28,205.73,1,0,0,42.5,9.37,9.85,25.93,59.59,0,0,7.86,155.1
2024-01-01,CUST000366,SO0011,2251.78,107.99,1,0,0,37.88,13.99,14.5,31.15,32.85,0,0,4.19,134.56
2024-01-01,CUST000402,SO0017,328.28,18.5,1,0,0,47.09,2.24,11.82,19.63,4.56,0,0,9.56,94.9
2024-01-01,CUST000517,SO0021,2020.6,85.87,1,0,0,35.9,7.36,22.09,20.97,39.56,0,0,2.25,128.13
2024-01-01,CUST000545,SO0033,1257.93,62.47,1,0,0,36.37,12.2,12.45,23.65,23.65,0,0,11.54,119.86
2024-01-01,CUST000556,SO0036,1466.56,66.07,1,0,0,51.6,13.13,13.53,31.87,35.99,0,0,2.21,148.33
2024-01-01,CUST000575,SO0017,1052.29,64.57,1,0,1,51.59,4.29,17.23,22.87,22.5,0,110,7.92,236.4
2024-01-01,CUST000585,SO0028,1337.8,48.46,1,0,0,30.19,10.15,18.42,29.8,18.38,0,0,2.15,109.09
2024-01-01,CUST000614,SO0031,886.72,48.98,1,0,1,36.08,0.4,16.41,30.43,25.11,0,110,11.37,229.8
2024-01-01,CUST000630,SO0020,1428.39,55.87,1,0,0,34.55,4.02,22.59,11.14,29.56,0,0,10.25,112.11
2024-01-01,CUST000633,SO0006,4498.16,193.96,1,0,0,41.95,3.54,16.05,32.44,42.92,0,0,3.84,140.74
2024-01-01,CUST000634,SO0021,3893.43,151.21,1,0,0,50.53,7.63,8.99,14.05,46.82,0,0,11.88,139.9
2024-01-01,CUST000635,SO0012,4340.47,163.57,1,0,0,37.3,13.75,20.04,18.86,30.66,0,0,11.98,132.59
2024-01-01,CUST000675,SO0014,2487.54,95.22,1,0,0,36.13,5.41,11.54,10.67,43.22,0,0,6.59,113.56
2024-01-01,CUST000679,SO0035,596.15,25.55,1,0,0,35.46,13.97,24.91,33.32,9.7,0,0,6.41,123.77
2024-01-01,CUST000694,SO0010,2086.29,105.3,1,0,0,30.72,11.18,9.39,20.36,50.28,0,0,7.15,129.08
2024-01-01,CUST000695,SO0035,1339.42,60.96,1,0,0,37.38,12.84,18.02,29.52,20.06,0,0,7.63,125.45
2024-01-01,CUST000792,SO0044,1829.93,73.18,1,0,0,48.93,1.96,19.49,31.55,31.13,0,0,5.87,138.93
2024-01-01,CUST000821,SO0006,756.16,36.59,1,0,0,42.58,9.25,16.91,33.75,6.8,0,0,4.37,113.66
2024-01-01,CUST000858,SO0036,1862.4,79.02,1,0,0,33.2,0.83,13.74,19.83,38.63,0,0,7.81,114.04
2024-01-01,CUST000897,SO0015,807.34,30.96,1,0,0,38.62,6.44,24.67,21.65,15.05,0,0,9.32,115.75
2024-01-01,CUST000905,SO0010,1520.88,59.52,1,0,0,47.75,12.75,11.49,32.1,15.48,0,0,5.44,125.01
2024-01-01,CUST000911,SO0019,2001.97,78.72,1,0,0,51.01,5.15,11.04,33.03,16.81,0,0,11.67,128.71
2024-01-01,CUST000931,SO0023,1198.58,52.61,1,0,0,50.12,11.47,19.84,17.25,26.65,0,0,3.49,128.82
2024-01-01,CUST000978,SO0009,1255.47,56.46,1,0,0,41.24,0.33,24.09,14.88,24.03,0,0,3.91,108.48
2024-01-01,CUST000989,SO0021,2178.49,100.04,1,0,0,47.63,1.61,12.76,18.21,39.56,0,0,6.74,126.51
2024-01-01,CUST000998,SO0026,1383.39,50.17,1,0,0,37.4,10.77,12.58,12.36,16.63,0,0,3.59,93.33
2024-01-01,CUST001008,SO0021,1553.2,68.06,1,0,0,42.5,12.07,24.62,27.63,17.46,0,0,4.23,128.51
2024-01-01,CUST001051,SO0036,2481.42,167.61,1,0,0,49.37,13.78,23.15,26.58,50.55,0,0,5.85,169.28
2024-01-01,CUST001093,SO0022,2546.89,99.73,1,0,0,29.25,12.19,15.08,25.1,17.28,0,0,11.99,110.89
2024-01-01,CUST001158,SO0026,1775.55,61.65,1,0,0,46.09,9.51,23.08,33.02,28.22,0,0,2.07,141.99
2024-01-01,CUST001176,SO0027,1887.17,127.56,1,0,0,46.67,6.79,10.81,33.54,59.27,0,0,2.71,159.79
2024-01-01,CUST001177,SO0020,787.89,42.44,1,0,0,33.38,6.21,9.19,31.28,12.65,0,0,8.55,101.26
2024-01-01,CUST001244,SO0048,710.22,38.56,1,0,0,48.76,10.4,17.03,20.36,7.97,0,0,11.16,115.68
2024-01-01,CUST001313,SO0009,521.21,37.03,1,0,0,32.93,5.22,19.47,29.54,10.09,0,0,6.35,103.6
2024-01-01,CUST001315,SO0037,2545.77,95.79,1,0,0,43.31,0.55,9.16,33.26,27.11,0,0,5.79,119.18
2024-01-01,CUST001338,SO0001,2834.04,132.69,1,0,0,41.32,13.4,9.98,29.38,50.48,0,0,11.44,156.0
2024-01-01,CUST001346,SO0047,1001.8,46.74,1,0,1,31.74,6.42,11.48,30.15,16.39,0,110,8.04,214.22
2024-01-01,CUST001386,SO0017,1455.72,66.29,1,0,0,39.16,12.92,18.15,10.98,26.4,0,0,8.48,116.09
2024-01-01,CUST001413,SO0021,3430.99,153.01,1,0,1,47.32,7.91,18.47,19.78,72.93,0,110,10.03,286.44
2024-01-01,CUST001437,SO0001,1095.35,52.03,1,0,0,46.97,12.37,18.3,26.63,10.91,0,0,3.48,118.66
2024-01-01,CUST001471,SO0028,922.82,43.23,1,0,0,40.49,8.58,24.32,33.72,6.63,0,0,10.47,124.21
2024-01-01,CUST001495,SO0005,702.74,38.59,1,0,0,44.16,9.17,17.94,21.98,15.67,0,0,8.87,117.79
2024-01-01,CUST001501,SO0015,924.48,50.13,1,0,0,47.67,10.93,16.62,14.34,7.96,0,0,11.03,108.55
2024-01-01,CUST001514,SO0007,1210.08,65.72,1,0,0,45.54,5.5,10.11,33.66,30.1,0,0,5.95,130.86
2024-01-01,CUST001611,SO0021,1123.44,63.12,1,0,0,38.2,5.48,18.26,31.28,17.76,0,0,9.82,120.8
2024-01-01,CUST001690,SO0023,423.63,21.42,1,0,0,32.14,13.95,14.2,29.87,11.15,0,0,11.41,112.72
2024-01-01,CUST001731,SO0032,870.87,57.62,1,0,0,29.28,0.81,23.49,33.49,31.56,0,0,7.75,126.38
2024-01-01,CUST001739,SO0002,2057.07,98.02,1,0,0,43.5,1.88,21.78,18.63,36.88,0,0,9.47,132.14
2024-01-01,CUST001744,SO0042,2049.37,118.78,1,0,0,31.04,9.6,12.43,10.46,18.9,0,0,6.87,89.3
2024-01-01,CUST001748,SO0024,2228.18,88.79,1,0,0,47.99,11.62,12.77,12.94,42.08,0,0,7.29,134.69
2024-01-01,CUST001752,SO0028,1283.18,79.85,1,0,0,37.53,4.32,24.38,22.06,43.8,0,0,4.57,136.66
2024-01-01,CUST001770,SO0005,3119.68,121.81,1,0,0,32.18,2.76,11.01,11.4,41.78,0,0,2.95,102.08
2024-01-01,CUST001875,SO0019,2840.75,113.59,1,0,0,49.94,11.29,17.85,26.47,19.93,0,0,10.91,136.39
2024-01-01,CUST001894,SO0006,2277.15,110.09,1,0,0,40.25,12.74,11.3,10.22,20.17,0,0,6.01,100.69
2024-01-01,CUST001919,SO0008,971.19,50.87,1,0,0,31.95,11.44,16.25,17.88,23.58,0,0,9.02,110.12
2024-01-01,CUST001948,SO0047,1392.26,50.1,1,0,0,38.51,7.81,16.5,10.83,26.41,0,0,4.41,104.47
2024-01-01,CUST002007,SO0024,2264.1,116.51,1,0,0,47.43,4.94,8.28,22.21,58.51,0,0,8.14,149.51
2024-01-01,CUST002083,SO0032,2622.95,92.49,1,0,0,51.55,4.55,17.18,25.25,34.67,0,0,2.08,135.28
2024-01-01,CUST002121,SO0030,1633.25,115.99,1,0,0,32.13,4.34,13.75,31.43,37.02,0,0,9.06,127.73
2024-01-01,CUST002125,SO0027,2779.21,108.16,1,0,0,31.27,5.98,16.92,13.39,32.32,0,0,4.65,104.53
2024-01-01,CUST002139,SO0044,917.5,35.55,1,0,1,42.85,10.29,21.49,15.34,6.84,0,110,7.68,214.49
2024-01-01,CUST002160,SO0026,1550.08,53.75,1,0,0,45.39,7.73,18.53,25.55,14.2,0,0,11.03,122.43
2024-01-01,CUST002240,SO0030,1082.66,64.8,1,0,1,38.86,1.44,16.09,25.9,28.24,0,110,3.95,224.48
2024-01-01,CUST002253,SO0021,1222.65,86.12,1,0,0,32.0,10.72,15.97,29.94,43.93,0,0,9.38,141.94
2024-01-01,CUST002307,SO0018,1304.43,77.75,1,0,0,29.0,11.6,16.04,26.08,39.43,0,0,9.67,131.82
2024-01-01,CUST002356,SO0012,310.25,20.14,1,0,0,33.37,4.59,10.05,11.78,5.96,0,0,2.07,67.82
2024-01-01,CUST002434,SO0012,1309.35,84.37,1,0,0,45.97,13.06,12.71,29.63,34.37,0,0,8.35,144.09
2024-01-01,CUST002441,SO0018,402.51,23.9,1,0,0,39.88,10.33,12.38,34.58,4.97,0,0,4.4,106.54
2024-01-01,CUST002449,SO0013,3426.42,138.58,1,0,0,49.62,6.49,12.05,10.98,29.01,0,0,5.08,113.23
2024-01-01,CUST002483,SO0013,1353.29,65.8,1,0,0,48.82,9.21,16.83,32.95,31.61,0,0,4.46,143.88
2024-01-02,CUST000010,SO0033,1916.62,88.4,1,0,0,42.62,12.18,10.76,32.03,35.01,0,0,8.18,140.78
2024-01-02,CUST000030,SO0013,1104.36,47.5,1,0,0,50.39,10.6,23.4,27.57,7.39,0,0,2.08,121.43
2024-01-02,CUST000047,SO0003,1321.43,87.73,1,0,0,42.56,5.76,12.84,17.86,20.52,0,0,3.23,102.77
2024-01-02,CUST000065,SO0044,2103.38,91.1,1,0,0,42.84,7.02,15.26,16.74,27.62,0,0,4.86,114.34
2024-01-02,CUST000089,SO0020,3088.26,122.11,1,0,0,47.91,2.09,16.68,12.6,59.82,0,0,6.26,145.36
2024-01-02,CUST000108,SO0036,739.67,48.02,1,0,0,32.95,13.74,16.67,33.92,11.19,0,0,3.38,111.85
2024-01-02,CUST000154,SO0004,1495.82,54.07,1,0,0,51.39,12.25,16.24,22.64,24.75,0,0,7.74,135.01
2024-01-02,CUST000165,SO0038,1881.03,112.8,1,1,0,44.91,12.87,14.99,16.93,17.81,185,0,11.18,303.69
2024-01-02,CUST000181,SO0017,1390.42,48.66,1,0,0,39.6,9.65,24.4,31.76,13.74,0,0,9.85,129.0
2024-01-02,CUST000193,SO0010,3100.97,176.35,1,0,0,33.05,12.18,11.09,14.85,87.69,0,0,11.08,169.94
2024-01-02,CUST000206,SO0008,699.77,24.89,1,0,0,35.3,5.54,13.82,19.2,7.41,0,0,4.87,86.14
2024-01-02,CUST000209,SO0024,0.0,0.0,0,0,0,0.0,0.0,0.0,0.0,0.0,0,0,0.0,0.0
2024-01-02,CUST000219,SO0048,1706.72,69.68,1,0,0,42.49,9.02,22.68,29.56,25.87,0,0,3.57,133.19
2024-01-02,CUST000237,SO0026,1638.58,71.2,1,0,0,48.3,13.31,15.04,32.88,11.64,0,0,8.46,129.63
2024-01-02,CUST000266,SO0020,951.56,37.89,1,0,0,42.85,2.27,18.11,10.04,12.42,0,0,5.01,90.7
2024-01-02,CUST000268,SO0020,2285.69,112.79,1,0,0,39.66,9.82,23.43,12.12,60.3,0,0,3.54,148.87
2024-01-02,CUST000273,SO0029,1429.85,63.34,1,0,0,46.9,12.92,10.37,33.42,30.46,0,0,2.48,136.55
2024-01-02,CUST000274,SO0033,1201.22,59.86,1,0,0,50.35,0.88,23.63,12.77,26.75,0,0,9.82,124.2
2024-01-02,CUST000286,SO0027,684.64,46.35,1,0,0,36.03,8.77,8.87,25.95,20.78,0,0,3.72,104.12
2024-01-02,CUST000311,SO0016,1473.05,80.0,1,0,0,41.34,6.81,16.87,27.55,28.51,0,0,2.19,123.27
2024-01-02,CUST000346,SO0021,3412.21,213.95,1,0,0,37.63,3.76,8.87,11.57,112.89,0,0,4.95,179.67
2024-01-02,CUST000370,SO0026,1077.62,44.96,1,0,0,45.84,2.52,19.7,17.87,20.43,0,0,6.95,113.31
2024-01-02,CUST000410,SO0016,630.54,34.62,1,0,0,37.6,3.5,22.45,26.37,15.8,0,0,8.37,114.09
2024-01-02,CUST000425,SO0008,1881.87,109.33,1,0,0,47.6,5.78,24.86,12.03,45.37,0,0,7.47,143.11
2024-01-02,CUST000462,SO0038,2111.39,132.75,1,0,0,47.54,4.97,17.46,31.03,30.54,0,0,5.86,137.4
2024-01-02,CUST000489,SO0045,1704.24,75.96,1,0,0,44.84,11.71,23.9,12.82,41.62,0,0,9.28,144.17
2024-01-02,CUST000527,SO0009,956.48,42.96,1,0,0,46.93,8.05,10.34,19.42,13.12,0,0,11.37,109.23
2024-01-02,CUST000551,SO0038,2233.29,110.42,1,0,0,50.33,0.72,20.21,21.55,32.95,0,0,7.3,133.06
2024-01-02,CUST000554,SO0035,2773.89,105.66,1,0,0,37.79,11.31,9.8,29.95,37.28,0,0,10.49,136.62
2024-01-02,CUST000585,SO0028,1124.78,45.38,1,0,0,46.33,4.33,12.73,30.12,18.62,0,0,8.75,120.88
2024-01-02,CUST000624,SO0039,1480.42,52.03,1,0,0,34.77,7.15,16.91,15.72,8.04,0,0,11.89,94.48
2024-01-02,CUST000626,SO0040,667.15,28.51,1,0,0,42.45,0.17,18.56,23.19,14.26,0,0,4.3,102.93
2024-01-02,CUST000628,SO0041,2101.16,98.96,1,0,0,29.34,1.56,8.75,13.9,26.81,0,0,7.44,87.8
2024-01-02,CUST000652,SO0041,0.0,0.0,0,0,0,0.0,0.0,0.0,0.0,0.0,0,0,0.0,0.0
2024-01-02,CUST000655,SO0040,1719.96,78.73,1,0,0,31.35,3.34,14.32,24.26,17.04,0,0,3.77,94.08
2024-01-02,CUST000666,SO0009,1307.43,54.61,1,0,0,35.48,6.25,24.5,27.47,17.79,0,0,7.87,119.36
2024-01-02,CUST000700,SO0038,1299.65,48.81,1,0,0,49.57,0.17,18.99,27.54,19.58,0,0,3.46,119.31
2024-01-02,CUST000707,SO0024,0.0,0.0,0,0,0,0.0,0.0,0.0,0.0,0.0,0,0,0.0,0.0
2024-01-02,CUST000749,SO0043,2088.27,114.23,1,0,0,40.38,1.57,10.72,26.9,60.91,0,0,11.4,151.88
2024-01-02,CUST000765,SO0002,2898.28,142.47000000000003,2,0,0,61.37,27.45,26.88,59.36,63.42,0,0,6.8,245.28
2024-01-02,CUST000787,SO0029,1449.95,57.79,1,0,0,31.82,9.82,16.73,11.1,14.23,0,0,5.25,88.95
2024-01-02,CUST000798,SO0014,1147.9,78.54,1,0,0,42.27,11.88,19.58,29.43,16.22,0,0,2.59,121.97
2024-01-02,CUST000817,SO0026,0.0,0.0,0,0,0,0.0,0.0,0.0,0.0,0.0,0,0,0.0,0.0
2024-01-02,CUST000858,SO0036,0.0,0.0,0,0,0,0.0,0.0,0.0,0.0,0.0,0,0,0.0,0.0
2024-01-02,CUST000898,SO0010,1390.75,74.03,1,0,0,28.38,8.07,10.11,20.87,19.26,0,0,10.0,96.69
2024-01-02,CUST000907,SO0011,4096.7,164.22,1,0,0,44.45,5.77,10.02,22.7,89.41,0,0,3.55,175.9
2024-01-02,CUST000954,SO0030,1823.38,103.72,1,0,0,31.21,12.68,10.28,11.32,16.43,0,0,11.72,93.64
2024-01-02,CUST000960,SO0019,2533.5,119.87,1,0,0,37.93,9.76,24.33,25.28,44.08,0,0,4.13,145.51
2024-01-02,CUST000977,SO0038,2404.22,122.54,1,0,0,50.79,5.11,15.75,17.16,19.52,0,0,6.76,115.09
2024-01-02,CUST000989,SO0021,1474.79,70.04,1,1,0,38.11,5.02,8.52,12.65,11.6,185,0,11.27,272.17
2024-01-02,CUST001007,SO0035,1135.45,41.47,1,0,0,49.37,4.12,9.29,21.46,19.64,0,0,6.24,110.12
2024-01-02,CUST001012,SO0039,777.8,43.21,1,0,1,35.93,6.74,15.73,33.13,8.62,0,110,5.45,215.6
2024-01-02,CUST001023,SO0003,515.53,35.62,1,0,0,33.44,6.66,23.18,16.21,18.94,0,0,6.32,104.75
2024-01-02,CUST001036,SO0016,1361.85,48.8,1,0,0,45.46,12.2,21.41,17.5,20.95,0,0,2.34,119.86
2024-01-02,CUST001039,SO0025,671.59,42.2,1,0,0,43.1,8.21,13.42,34.12,7.46,0,0,7.47,113.78
2024-01-02,CUST001042,SO0014,1323.04,76.23,1,0,0,36.81,5.76,9.8,25.7,11.49,0,0,10.76,100.32
2024-01-02,CUST001051,SO0036,2436.52,121.74,1,0,0,45.84,1.15,10.4,10.76,40.08,0,0,8.85,117.08
2024-01-02,CUST001061,SO0036,2916.85,129.39,1,0,0,28.45,10.97,8.95,20.6,67.63,0,0,3.98,140.58
2024-01-02,CUST001123,SO0016,4163.1,184.89,1,0,0,36.66,5.59,24.11,17.86,66.97,0,0,6.24,157.43
2024-01-02,CUST001165,SO0009,317.79,13.18,1,0,0,29.91,9.01,14.4,15.92,2.48,0,0,3.76,75.48
2024-01-02,CUST001166,SO0040,612.87,33.88,1,0,0,29.91,9.71,20.62,18.15,18.5,0,0,6.86,103.75
2024-01-02,CUST001174,SO0002,1783.25,80.11,1,0,0,42.01,6.88,9.7,18.35,21.17,0,0,3.47,101.58
2024-01-02,CUST001203,SO0022,1639.4,100.82,1,0,0,35.36,1.76,19.88,17.6,48.46,0,0,7.24,130.3
2024-01-02,CUST001211,SO0045,1928.31,90.19,1,0,0,49.27,11.82,14.85,13.6,22.94,0,0,6.89,119.37
2024-01-02,CUST001236,SO0001,2631.77,130.69,1,0,0,29.96,7.91,8.6,34.27,22.66,0,0,2.06,105.46
2024-01-02,CUST001296,SO0043,1218.8,52.13,1,0,0,40.29,1.09,18.95,22.81,27.38,0,0,9.17,119.69
2024-01-02,CUST001315,SO0037,3917.79,161.55,1,0,0,30.18,13.58,22.07,25.4,64.24,0,0,6.84,162.31
2024-01-02,CUST001335,SO0035,997.4,66.04,1,0,0,42.04,11.99,10.22,28.14,23.79,0,0,2.19,118.37
2024-01-02,CUST001401,SO0048,621.29,27.22,1,0,0,46.49,5.74,24.9,16.79,7.9,0,0,7.38,109.2
2024-01-02,CUST001409,SO0020,929.47,36.08,1,0,0,41.84,13.8,9.7,34.7,6.4,0,0,8.24,114.68
2024-01-02,CUST001447,SO0027,3734.35,156.42,1,0,0,43.58,5.95,19.15,18.56,54.5,0,0,11.79,153.53
2024-01-02,CUST001463,SO0020,725.63,34.24,1,0,0,32.8,9.54,18.29,31.57,8.08,0,0,11.68,111.96
2024-01-02,CUST001482,SO0002,1669.88,77.61,1,0,0,38.38,3.87,8.13,34.04,20.37,0,0,7.89,112.68
2024-01-02,CUST001506,SO0006,1190.98,82.3,1,0,0,34.28,1.16,10.24,25.69,27.13,0,0,3.56,102.06
2024-01-02,CUST001512,SO0048,1785.29,111.96,1,0,1,36.36,12.45,14.86,21.84,58.65,0,110,10.26,264.42
2024-01-02,CUST001558,SO0021,1295.81,76.04,1,0,0,28.06,9.83,9.2,15.66,20.37,0,0,6.47,89.59
2024-01-02,CUST001570,SO0045,4408.54,155.27,1,0,0,37.34,8.97,16.27,12.33,50.96,0,0,8.69,134.56
2024-01-02,CUST001577,SO0029,1311.76,65.47,1,0,0,35.62,1.88,16.92,22.52,23.04,0,0,5.16,105.14
2024-01-02,CUST001619,SO0036,2577.86,138.49,1,0,0,31.19,11.2,15.4,26.02,45.49,0,0,8.79,138.09
2024-01-02,CUST001652,SO0033,731.91,35.35,1,0,0,47.65,1.95,9.58,32.9,17.47,0,0,3.23,112.78
2024-01-02,CUST001656,SO0012,1610.94,59.89,1,0,0,51.58,2.13,20.45,32.51,19.86,0,0,2.97,129.5
2024-01-02,CUST001668,SO0042,575.56,28.25,1,0,0,42.23,4.44,21.61,15.96,11.61,0,0,8.29,104.14
2024-01-02,CUST001685,SO0035,0.0,0.0,0,0,0,0.0,0.0,0.0,0.0,0.0,0,0,0.0,0.0
2024-01-02,CUST001716,SO0037,792.17,28.16,1,0,0,39.11,2.59,23.61,19.57,4.59,0,0,8.72,98.19
2024-01-02,CUST001845,SO0032,2877.99,134.3,1,0,0,35.17,9.18,19.05,20.73,34.54,0,0,3.96,122.63
2024-01-02,CUST001882,SO0001,717.82,46.04,1,0,0,40.53,10.89,12.14,10.31,13.97,0,0,9.72,97.56
2024-01-02,CUST001885,SO0041,1371.12,64.51,1,0,0,31.68,3.3,21.26,10.88,18.62,0,0,4.56,90.3
2024-01-02,CUST001900,SO0041,1951.15,105.65,1,0,0,37.06,5.87,10.99,30.04,52.38,0,0,8.05,144.39
2024-01-02,CUST001916,SO0023,1830.36,125.33,1,0,0,40.1,1.44,14.76,16.9,60.31,0,0,3.16,136.67
2024-01-02,CUST001952,SO0014,1043.56,54.26,1,0,1,35.29,8.76,17.72,10.26,17.66,0,110,8.06,207.75
2024-01-02,CUST001971,SO0018,2509.41,91.3,1,0,0,43.46,2.85,12.7,25.58,37.99,0,0,7.08,129.66
2024-01-02,CUST001977,SO0038,910.17,53.73,1,0,0,34.0,7.22,13.94,27.96,23.08,0,0,9.74,115.94
2024-01-02,CUST002013,SO0042,1271.98,59.72,1,0,0,34.19,4.51,18.08,13.99,31.85,0,0,4.42,107.04
2024-01-02,CUST002028,SO0007,2661.0,101.64,1,0,0,32.15,2.08,11.96,31.11,36.69,0,0,3.31,117.3
2024-01-02,CUST002065,SO0027,531.81,19.41,1,0,0,41.47,5.25,8.14,13.84,4.91,0,0,11.45,85.06
2024-01-02,CUST002085,SO0025,1169.42,41.15,1,0,0,35.77,10.48,24.22,29.19,8.85,0,0,5.82,114.33
2024-01-02,CUST002089,SO0017,518.6,24.87,1,0,0,35.28,7.63,24.78,17.5,4.61,0,0,3.65,93.45
2024-01-02,CUST002106,SO0034,2982.4,119.71,2,0,0,93.35,18.57,25.45,41.22,41.26,0,0,9.08,228.93
2024-01-02,CUST002117,SO0006,905.11,42.21,1,0,1,50.39,12.75,24.1,20.72,8.38,0,110,5.58,231.92
2024-01-02,CUST002120,SO0018,350.86,19.15,1,0,0,35.82,0.73,20.67,13.92,10.02,0,0,5.28,86.44
2024-01-02,CUST002124,SO0027,878.83,32.06,1,0,0,31.15,9.81,18.94,28.49,14.59,0,0,6.45,109.43
2024-01-02,CUST002134,SO0037,1406.3,81.95,1,0,0,47.55,13.54,16.33,25.7,43.1,0,0,2.09,148.31
2024-01-02,CUST002147,SO0045,1342.93,49.08,1,0,0,34.31,13.79,8.67,11.15,22.02,0,0,5.36,95.3
2024-01-02,CUST002163,SO0013,2172.32,77.0,1,0,0,50.92,7.97,11.93,18.54,19.75,0,0,8.65,117.76
2024-01-02,CUST002166,SO0004,2667.35,110.88,1,0,0,33.15,5.04,12.46,24.23,39.76,0,0,10.07,124.71
2024-01-02,CUST002179,SO0019,2157.06,92.07,1,0,0,43.71,13.57,16.68,11.82,16.07,0,0,4.43,106.28
2024-01-02,CUST002214,SO0026,3148.31,169.18,1,0,0,42.79,4.88,16.55,10.97,78.25,0,0,11.8,165.24
2024-01-02,CUST002225,SO0041,1911.3,105.35,1,0,0,50.01,1.71,18.03,20.18,39.98,0,0,10.46,140.37
2024-01-02,CUST002237,SO0027,1199.17,45.2,1,0,0,31.57,12.56,22.89,28.76,7.87,0,0,3.47,107.12
2024-01-02,CUST002249,SO0010,2139.59,99.87,1,0,0,41.29,12.99,23.84,28.11,25.85,0,0,10.99,143.07
2024-01-02,CUST002251,SO0027,2559.85,90.83,1,0,0,34.7,8.4,23.61,31.64,48.9,0,0,10.29,157.54
2024-01-02,CUST002265,SO0031,1098.69,45.46,1,0,0,42.77,5.34,10.73,35.0,20.14,0,0,11.12,125.1
2024-01-02,CUST002270,SO0034,4286.56,151.82,1,0,0,28.01,2.47,15.14,18.26,35.17,0,0,6.46,105.51
2024-01-02,CUST002314,SO0039,550.61,34.1,1,0,0,40.84,3.25,9.22,29.05,11.4,0,0,6.58,100.34
2024-01-02,CUST002315,SO0017,3124.31,115.27,1,0,0,50.09,8.32,22.17,13.45,34.25,0,0,3.3,131.58
2024-01-02,CUST002349,SO0027,3341.31,137.2,1,0,0,46.71,11.23,12.52,27.91,58.6,0,0,8.77,165.74
2024-01-02,CUST002354,SO0031,1293.91,82.13,1,0,0,48.32,13.96,20.52,20.6,26.5,0,0,2.98,132.88
2024-01-02,CUST002375,SO0010,1483.02,74.48,1,0,0,30.65,8.76,10.15,18.04,28.78,0,0,7.29,103.67
2024-01-02,CUST002382,SO0022,1528.11,95.48,1,1,0,28.03,8.78,20.53,15.23,37.49,185,0,2.17,297.23
2024-01-02,CUST002392,SO0032,1927.24,87.6,1,0,0,38.44,13.39,15.27,14.9,35.71,0,0,9.86,127.57
2024-01-02,CUST002429,SO0034,447.61,26.97,1,0,0,39.75,8.84,19.04,34.52,14.14,0,0,10.4,126.69
2024-01-02,CUST002469,SO0010,2676.58,116.35,1,0,0,48.13,13.51,10.54,23.9,44.96,0,0,6.67,147.71
2024-01-02,CUST002475,SO0015,3536.41,130.19,1,0,0,30.8,13.35,16.3,17.49,45.47,0,0,8.71,132.12
2024-01-02,CUST002484,SO0029,1459.45,77.91,1,0,0,39.03,0.43,19.24,28.89,13.48,0,0,7.31,108.38
2024-01-02,CUST002493,SO0008,1683.99,62.75,1,0,0,42.51,12.87,18.6,30.71,30.89,0,0,2.26,137.84
2024-01-03,CUST000016,SO0011,2930.7,102.13,1,0,0,28.69,13.9,15.64,15.3,29.74,0,0,7.87,111.14
2024-01-03,CUST000026,SO0025,1210.36,43.59,1,0,0,37.47,12.89,15.21,18.63,15.16,0,0,3.46,102.82
2024-01-03,CUST000032,SO0019,925.21,52.98,1,0,0,30.82,3.68,20.65,28.19,19.36,0,0,8.73,111.43
2024-01-03,CUST000038,SO0043,1404.95,94.83,1,0,0,46.29,5.77,20.75,33.04,33.76,0,0,8.39,148.0
2024-01-03,CUST000046,SO0004,1479.72,76.1,1,0,0,38.07,4.74,15.22,34.57,15.15,0,0,6.03,113.78
2024-01-03,CUST000053,SO0010,2293.42,108.85,1,0,0,36.77,7.89,12.31,23.05,58.35,0,0,3.81,142.18
2024-01-03,CUST000087,SO0032,1358.81,68.79,1,0,0,42.45,1.34,21.32,16.34,37.55,0,0,10.13,129.13
2024-01-03,CUST000090,SO0004,1909.88,71.09,1,0,0,34.74,5.95,23.27,27.14,19.24,0,0,3.41,113.75
2024-01-03,CUST000095,SO0043,590.52,39.2,1,0,0,36.38,2.35,11.91,21.47,8.44,0,0,7.33,87.88
2024-01-03,CUST000107,SO0002,418.13,29.68,1,0,0,48.02,6.87,14.97,10.08,7.51,0,0,2.46,89.91
2024-01-03,CUST000122,SO0007,1676.6,61.56,1,0,0,40.53,2.07,21.52,30.98,28.2,0,0,11.65,134.95
2024-01-03,CUST000135,SO0030,1484.77,102.05,1,0,0,42.23,6.94,20.08,25.56,23.66,0,0,10.05,128.52
2024-01-03,CUST000145,SO0001,2089.02,78.85,1,0,0,38.84,0.26,10.93,13.38,26.62,0,0,4.38,94.41
2024-01-03,CUST000165,SO0038,4786.2,252.47,1,0,0,43.8,4.74,14.73,15.38,126.88,0,0,5.94,211.47
2024-01-03,CUST000200,SO0018,2291.75,131.86,1,0,0,50.83,4.15,13.89,34.3,24.78,0,0,9.62,137.57
2024-01-03,CUST000251,SO0035,747.69,37.78,1,0,0,35.38,9.08,8.84,23.45,12.21,0,0,10.72,99.68
2024-01-03,CUST000263,SO0043,3650.75,129.22,1,0,0,28.19,13.31,8.01,29.77,32.71,0,0,9.12,121.11
2024-01-03,CUST000316,SO0045,1407.85,53.36,1,0,0,34.54,9.93,15.59,13.54,13.55,0,0,8.16,95.31
2024-01-03,CUST000374,SO0044,1787.05,64.38,1,0,0,40.03,10.61,9.0,13.22,26.24,0,0,7.98,107.08
2024-01-03,CUST000404,SO0045,2134.21,83.96,1,0,0,30.45,3.54,19.21,11.63,42.69,0,0,6.09,113.61
2024-01-03,CUST000412,SO0029,463.54,31.95,1,0,0,31.55,2.98,8.28,20.39,6.0,0,0,6.42,75.62
2024-01-03,CUST000431,SO0018,1034.95,62.42,1,0,0,39.69,8.1,18.98,16.68,26.44,0,0,3.94,113.83
2024-01-03,CUST000432,SO0034,3815.62,133.91,1,0,0,42.04,11.21,19.97,31.4,47.66,0,0,9.26,161.54
2024-01-03,CUST000494,SO0039,723.2,31.69,1,0,0,49.61,10.87,12.6,29.29,17.08,0,0,3.2,122.65
2024-01-03,CUST000510,SO0043,908.99,58.59,1,0,0,33.72,10.2,13.83,29.28,24.82,0,0,3.87,115.72
2024-01-03,CUST000513,SO0019,1728.2,114.04,1,1,0,44.93,8.23,21.94,13.92,37.47,185,0,8.46,319.95
2024-01-03,CUST000529,SO0008,1444.42,59.56,1,0,0,28.61,7.27,15.94,27.51,12.96,0,0,5.52,97.81
2024-01-03,CUST000565,SO0025,2028.32,75.35,1,0,0,47.83,11.95,20.76,12.89,36.37,0,0,4.8,134.6
2024-01-03,CUST000628,SO0041,2069.72,96.1,1,0,0,42.55,0.25,13.35,18.09,16.92,0,0,6.5,97.66
2024-01-03,CUST000638,SO0033,2508.92,98.55,1,0,0,51.9,3.68,8.97,32.53,33.42,0,0,7.15,137.65
2024-01-03,CUST000639,SO0011,2583.55,170.15,2,0,0,85.29,14.88,38.91,28.89,75.09,0,0,17.92,260.98
2024-01-03,CUST000643,SO0005,709.13,42.73,1,0,0,33.56,13.33,14.46,15.06,22.67,0,0,4.51,103.59
2024-01-03,CUST000657,SO0015,543.56,35.13,1,1,0,38.4,12.36,20.1,24.14,11.6,185,0,9.53,301.13
2024-01-03,CUST000679,SO0035,1891.28,79.19,1,0,0,48.95,12.01,12.21,10.38,33.86,0,0,11.8,129.21
2024-01-03,CUST000694,SO0010,984.78,68.8,1,0,0,33.14,9.2,18.64,14.46,34.69,0,0,7.52,117.65
2024-01-03,CUST000702,SO0017,1169.24,83.08,1,0,0,48.65,4.02,22.19,12.16,17.96,0,0,8.55,113.53
2024-01-03,CUST000707,SO0024,1876.27,109.71,1,0,0,44.26,1.68,8.53,27.01,22.16,0,0,2.69,106.33
2024-01-03,CUST000728,SO0007,1345.85,50.71,1,0,0,48.71,10.77,18.68,34.67,17.35,0,0,11.15,141.33
2024-01-03,CUST000751,SO0019,3161.9300000000003,183.84,2,0,0,70.71,20.75,39.1,65.04,53.61,0,0,23.76,272.97
2024-01-03,CUST000752,SO0020,1956.75,109.31,1,0,0,45.67,9.35,11.32,17.09,40.81,0,0,5.2,129.44
2024-01-03,CUST000780,SO0006,1295.8,71.76,1,0,0,36.53,3.98,10.98,26.56,31.57,0,0,3.61,113.23
2024-01-03,CUST000810,SO0048,1782.76,108.87,1,0,0,31.21,7.01,17.28,23.07,57.33,0,0,7.34,143.24
2024-01-03,CUST000811,SO0028,1110.62,50.44,1,0,0,50.39,5.77,17.81,31.61,20.36,0,0,6.01,131.95
2024-01-03,CUST000881,SO0010,2712.07,190.19,1,0,0,28.05,13.27,14.11,13.83,94.46,0,0,11.71,175.43
2024-01-03,CUST000893,SO0002,1366.57,53.96,1,0,0,31.6,9.31,13.7,24.21,25.16,0,0,2.34,106.32
2024-01-03,CUST000954,SO0030,917.96,62.39,1,0,0,40.9,3.72,20.68,32.14,24.81,0,0,3.37,125.62
2024-01-03,CUST000974,SO0023,1894.51,87.22,1,0,0,33.38,8.87,20.3,22.78,27.03,0,0,10.78,123.14
2024-01-03,CUST000999,SO0025,1102.63,44.06,1,0,0,51.33,9.73,9.9,27.52,21.65,0,0,11.69,131.82
2024-01-03,CUST001037,SO0002,2696.23,118.93,1,0,1,28.76,2.26,13.73,31.23,29.3,0,110,4.26,219.54
2024-01-03,CUST001065,SO0034,588.18,32.55,1,0,0,35.67,4.9,20.75,33.14,17.22,0,0,9.52,121.2
2024-01-03,CUST001109,SO0022,1234.4,64.03,1,0,0,32.3,1.68,9.58,16.63,16.04,0,0,5.23,81.46
2024-01-03,CUST001112,SO0047,1011.87,50.61,1,0,0,48.51,8.5,11.48,13.53,25.67,0,0,7.17,114.86
2024-01-03,CUST001152,SO0008,2319.83,82.61,1,0,0,50.36,6.75,8.11,14.21,35.49,0,0,6.79,121.71
2024-01-03,CUST001258,SO0022,1395.4,70.91,1,1,0,37.32,4.14,23.69,17.15,28.32,185,0,11.27,306.89
2024-01-03,CUST001262,SO0001,619.47,24.93,1,0,0,39.7,0.13,20.55,28.6,13.05,0,0,4.97,107.0
2024-01-03,CUST001313,SO0009,1590.42,72.32,1,0,0,31.03,8.9,24.39,32.44,21.41,0,0,3.66,121.83
2024-01-03,CUST001324,SO0035,1492.1,54.61,1,0,0,33.83,11.35,22.42,14.11,28.57,0,0,11.15,121.43
2024-01-03,CUST001333,SO0009,1771.59,89.39,1,0,0,50.78,11.99,18.38,21.05,45.16,0,0,3.21,150.57
2024-01-03,CUST001369,SO0041,2428.39,92.53,1,0,0,51.95,12.32,9.27,19.25,26.61,0,0,7.97,127.37
2024-01-03,CUST001400,SO0048,1509.56,60.12,1,0,0,47.98,3.32,11.64,14.57,22.44,0,0,6.04,105.99
2024-01-03,CUST001401,SO0048,1463.75,85.19,1,0,0,48.24,1.02,20.72,32.07,35.3,0,0,11.16,148.51
2024-01-03,CUST001434,SO0035,672.95,34.64,1,0,0,34.31,0.42,21.7,16.66,10.58,0,0,6.93,90.6
2024-01-03,CUST001453,SO0012,1528.31,59.57,1,0,0,50.14,9.22,17.35,33.65,27.58,0,0,3.81,141.75
2024-01-03,CUST001467,SO0036,1506.63,73.68,1,0,0,36.89,6.84,24.09,27.06,25.69,0,0,8.94,129.51
2024-01-03,CUST001505,SO0043,1572.62,87.87,1,0,0,50.64,4.9,8.48,10.65,43.71,0,0,9.64,128.02
2024-01-03,CUST001506,SO0006,1708.87,90.94,1,0,0,44.84,9.99,15.67,14.19,45.81,0,0,3.63,134.13
2024-01-03,CUST001510,SO0010,2889.98,150.5,1,0,0,31.96,1.26,21.77,17.12,35.45,0,0,6.55,114.11
2024-01-03,CUST001531,SO0016,2145.46,77.02,1,0,0,44.68,13.85,9.91,30.63,40.62,0,0,2.34,142.03
2024-01-03,CUST001551,SO0022,2435.86,102.83,1,0,0,51.9,12.23,23.72,11.49,25.75,0,0,11.82,136.91
2024-01-03,CUST001587,SO0003,2225.88,158.74,1,0,0,34.81,1.47,19.95,14.54,27.92,0,0,2.54,101.23
2024-01-03,CUST001599,SO0045,1881.1,67.17,1,0,0,34.59,10.84,13.35,14.27,17.84,0,0,9.75,100.64
2024-01-03,CUST001629,SO0025,911.1,53.64,1,0,0,31.05,12.63,10.75,33.45,11.11,0,0,2.16,101.15
2024-01-03,CUST001631,SO0014,1687.97,76.66,1,0,0,48.19,12.49,13.28,23.34,19.62,0,0,3.36,120.28
2024-01-03,CUST001649,SO0016,0.0,0.0,0,0,0,0.0,0.0,0.0,0.0,0.0,0,0,0.0,0.0
2024-01-03,CUST001663,SO0040,1558.98,60.21,1,0,0,31.31,5.09,22.79,29.14,11.43,0,0,9.72,109.48
2024-01-03,CUST001721,SO0048,2291.41,90.94,1,0,0,50.51,10.14,12.53,13.83,18.6,0,0,3.34,108.95
2024-01-03,CUST001731,SO0032,1501.99,70.62,1,0,0,28.7,12.03,24.93,19.35,27.58,0,0,6.64,119.23
2024-01-03,CUST001736,SO0022,1141.49,59.3,1,0,0,28.57,13.48,12.34,15.19,12.4,0,0,6.6,88.58
2024-01-03,CUST001746,SO0006,1196.54,72.85,1,0,0,33.53,13.34,24.65,34.87,20.9,0,0,6.43,133.72
2024-01-03,CUST001751,SO0047,3321.33,122.5,1,0,0,46.55,10.04,17.33,15.43,40.6,0,0,2.77,132.72
2024-01-03,CUST001784,SO0016,1145.76,42.2,1,0,0,34.69,5.28,12.84,26.23,6.62,0,0,10.67,96.33
2024-01-03,CUST001825,SO0004,2194.64,102.73,1,0,0,50.56,5.53,15.52,24.56,52.27,0,0,9.8,158.24
2024-01-03,CUST001831,SO0008,2066.92,101.56,1,0,0,35.84,9.85,8.13,29.61,17.35,0,0,7.39,108.17
2024-01-03,CUST001937,SO0013,0.0,0.0,0,1,0,0.0,0.0,0.0,0.0,0.0,185,0,0.0,185.0
2024-01-03,CUST001970,SO0021,1471.09,97.14,1,0,0,51.53,3.78,22.25,24.31,51.68,0,0,4.28,157.83
2024-01-03,CUST001990,SO0010,1579.49,63.12,1,0,1,33.32,12.18,19.64,15.79,29.81,0,110,2.13,222.87
2024-01-03,CUST001993,SO0012,1604.86,67.87,1,0,0,41.36,12.55,16.77,14.3,18.16,0,0,10.93,114.07
2024-01-03,CUST002024,SO0003,3713.52,134.11,1,0,0,36.83,12.67,24.66,34.28,66.67,0,0,4.79,179.9
2024-01-03,CUST002030,SO0048,630.51,40.1,1,0,0,32.44,9.68,19.79,29.81,10.42,0,0,5.87,108.01
2024-01-03,CUST002042,SO0011,0.0,0.0,0,0,0,0.0,0.0,0.0,0.0,0.0,0,0,0.0,0.0
2024-01-03,CUST002049,SO0005,2084.12,90.71,1,0,0,48.83,2.3,18.84,26.0,36.01,0,0,4.72,136.7
2024-01-03,CUST002052,SO0007,2223.04,84.82,1,0,0,37.29,0.2,12.79,10.73,17.64,0,0,9.87,88.52
2024-01-03,CUST002053,SO0022,1084.52,55.2,1,0,0,44.45,13.37,13.41,13.7,25.29,0,0,6.46,116.68
2024-01-03,CUST002109,SO0029,765.98,35.37,1,0,0,35.2,11.03,20.03,15.97,15.05,0,0,6.82,104.1
2024-01-03,CUST002128,SO0007,2287.09,106.92,2,0,0,76.29,11.79,46.77,46.74,39.23,0,0,14.21,235.03
2024-01-03,CUST002136,SO0012,1309.41,83.71,1,0,0,40.37,3.3,18.44,20.35,15.19,0,0,6.05,103.7
2024-01-03,CUST002190,SO0039,940.47,54.38,1,0,0,30.72,11.34,14.76,34.39,22.85,0,0,3.95,118.01
2024-01-03,CUST002192,SO0039,1629.38,78.34,1,0,0,35.64,9.72,13.83,32.67,35.0,0,0,10.23,137.09
2024-01-03,CUST002206,SO0031,0.0,0.0,0,0,0,0.0,0.0,0.0,0.0,0.0,0,0,0.0,0.0
2024-01-03,CUST002247,SO0034,2348.73,91.7,1,0,0,43.3,10.85,23.88,28.13,31.4,0,0,6.75,144.31
2024-01-03,CUST002249,SO0010,1140.67,64.72,1,0,0,28.24,0.06,24.05,14.94,19.28,0,0,4.73,91.3
2024-01-03,CUST002254,SO0006,3283.41,161.18,1,0,0,44.48,4.77,17.1,18.42,25.71,0,0,6.48,116.96
2024-01-03,CUST002255,SO0022,2473.46,128.53,1,0,0,50.04,1.91,21.62,10.23,26.39,0,0,11.34,121.53
2024-01-03,CUST002277,SO0020,1236.33,60.74,1,0,0,29.59,9.73,20.5,10.69,25.2,0,0,8.21,103.92
2024-01-03,CUST002303,SO0014,2255.87,77.96,1,0,0,41.08,1.7,24.86,18.13,32.79,0,0,2.22,120.78
2024-01-03,CUST002320,SO0032,2205.36,140.49,1,0,0,51.92,2.98,14.55,26.05,66.13,0,0,4.43,166.06
2024-01-03,CUST002326,SO0043,1737.3,78.76,1,0,0,49.45,10.85,18.92,32.26,29.58,0,0,9.94,151.0
2024-01-03,CUST002350,SO0008,1709.25,67.6,1,0,0,33.99,12.1,14.32,29.35,18.68,0,0,10.87,119.31
2024-01-03,CUST002372,SO0043,1598.36,88.24,1,0,0,50.13,13.81,16.82,23.84,28.37,0,0,9.88,142.85
2024-01-03,CUST002402,SO0004,3702.4,135.99,1,0,0,31.64,0.08,18.63,17.56,48.86,0,0,5.2,121.97
2024-01-03,CUST002434,SO0012,608.95,33.63,1,0,0,35.62,12.07,10.58,24.29,11.82,0,0,10.72,105.1
2024-01-03,CUST002453,SO0046,1353.09,62.06,1,0,0,38.84,10.89,17.98,26.07,18.53,0,0,10.01,122.32
2024-01-03,CUST002470,SO0045,3129.01,135.52,1,0,0,38.66,12.03,10.72,19.01,50.79,0,0,5.48,136.69
2024-01-03,CUST002477,SO0033,1224.34,68.34,1,0,0,43.85,2.86,13.53,21.52,30.32,0,0,9.26,121.34
2024-01-03,CUST002481,SO0036,4038.68,158.68,1,0,0,41.04,5.01,19.27,22.64,75.43,0,0,9.15,172.54
2024-01-04,CUST000020,SO0006,1005.76,70.27,1,0,0,30.57,1.83,15.52,13.78,24.74,0,0,7.85,94.29
2024-01-04,CUST000034,SO0025,1057.36,74.58,1,0,0,47.63,6.62,17.86,21.87,15.63,0,0,6.87,116.48
2024-01-04,CUST000066,SO0039,846.61,45.34,1,0,0,41.68,3.06,10.16,32.96,20.23,0,0,4.11,112.2
2024-01-04,CUST000075,SO0028,1616.86,57.77,1,0,0,44.51,1.35,13.98,29.9,29.95,0,0,8.18,127.87
2024-01-04,CUST000085,SO0034,1363.81,47.92,1,0,0,37.61,7.84,17.85,13.49,13.87,0,0,9.53,100.19
2024-01-04,CUST000154,SO0004,1405.59,71.81,1,0,0,39.84,12.9,13.63,17.44,23.19,0,0,5.82,112.82
2024-01-04,CUST000200,SO0018,1788.76,69.36,1,0,0,34.7,10.45,23.51,30.46,23.83,0,0,7.45,130.4
2024-01-04,CUST000221,SO0012,2047.2,124.67,1,0,0,45.98,7.44,13.21,19.12,20.14,0,0,10.38,116.27
2024-01-04,CUST000237,SO0026,957.25,54.39,1,0,0,45.48,1.92,17.39,25.72,26.97,0,0,10.78,128.26
2024-01-04,CUST000241,SO0017,1386.98,57.86,1,0,0,49.41,9.23,16.88,28.95,26.87,0,0,5.24,136.58
2024-01-04,CUST000293,SO0045,3039.83,117.93,1,0,0,48.85,4.18,8.57,32.69,47.11,0,0,6.03,147.43
2024-01-04,CUST000336,SO0047,1286.24,65.73,1,0,0,29.3,9.6,17.92,14.95,32.81,0,0,3.21,107.79
2024-01-04,CUST000342,SO0006,1023.15,66.6,1,0,0,43.85,12.53,20.06,18.56,22.98,0,0,9.26,127.24
2024-01-04,CUST000415,SO0045,1414.34,84.06,1,0,0,34.34,2.98,8.03,33.89,14.47,0,0,5.58,99.29
2024-01-04,CUST000419,SO0023,762.67,44.25,1,0,0,28.46,4.65,20.53,19.65,12.64,0,0,11.4,97.33
2024-01-04,CUST000446,SO0029,683.2,37.51,1,0,0,42.85,7.66,20.81,14.77,20.45,0,0,11.83,118.37
2024-01-04,CUST000479,SO0043,1058.79,44.85,1,0,0,45.63,7.0,10.67,17.11,23.5,0,0,10.53,114.44
2024-01-04,CUST000487,SO0019,1641.3,71.03,1,0,0,40.62,1.62,19.3,15.51,15.38,0,0,6.26,98.69
2024-01-04,CUST000514,SO0036,1978.05,110.39,1,0,0,43.44,8.59,19.15,24.4,41.83,0,0,4.09,141.5
2024-01-04,CUST000523,SO0040,716.65,49.58,1,0,0,29.36,8.79,8.02,34.78,16.48,0,0,6.81,104.24
2024-01-04,CUST000533,SO0001,466.49,17.35,1,0,0,43.46,6.26,11.82,23.07,5.25,0,0,5.5,95.36
2024-01-04,CUST000535,SO0015,1935.3,112.15,1,0,0,35.09,9.83,19.14,21.74,21.58,0,0,6.04,113.42
2024-01-04,CUST000552,SO0043,2604.75,101.96,1,0,0,44.9,5.52,14.13,20.92,42.65,0,0,11.53,139.65
2024-01-04,CUST000588,SO0045,594.38,35.62,1,0,0,36.39,13.18,20.26,27.94,16.83,0,0,4.3,118.9
2024-01-04,CUST000589,SO0002,1394.45,97.62,1,0,0,28.62,9.03,24.8,16.58,27.71,0,0,7.23,113.97
2024-01-04,CUST000591,SO0019,272.61,10.3,1,0,0,40.79,3.91,20.75,18.27,2.05,0,0,8.49,94.26
2024-01-04,CUST000594,SO0034,465.61,24.59,1,0,0,33.41,0.67,17.33,19.44,10.03,0,0,4.64,85.52
2024-01-04,CUST000596,SO0011,1054.01,69.96,1,0,0,47.18,9.43,21.63,22.59,36.11,0,0,5.62,142.56
2024-01-04,CUST000605,SO0030,1326.11,55.13,1,0,0,31.82,9.67,24.1,34.36,25.68,0,0,10.23,135.86
2024-01-04,CUST000608,SO0029,2116.46,74.53,1,0,0,37.16,4.73,10.71,30.47,33.33,0,0,7.35,123.75
2024-01-04,CUST000630,SO0020,2816.07,114.92,1,0,0,48.52,8.71,12.96,12.41,27.42,0,0,11.96,121.98
2024-01-04,CUST000638,SO0033,3041.06,109.57,1,0,0,48.21,1.19,18.94,30.61,38.31,0,0,2.67,139.93
2024-01-04,CUST000651,SO0038,733.1,39.34,1,0,0,42.36,0.74,22.45,13.81,20.02,0,0,11.04,110.42
2024-01-04,CUST000684,SO0042,1331.22,60.11,1,0,0,38.08,5.27,19.82,21.55,32.56,0,0,9.02,126.3
2024-01-04,CUST000688,SO0014,3070.24,106.6,1,0,0,29.14,10.15,24.68,25.8,37.61,0,0,8.12,135.5
2024-01-04,CUST000696,SO0012,1379.02,86.67,1,0,1,29.09,11.53,15.08,27.1,45.06,0,110,2.1,239.96
2024-01-04,CUST000706,SO0031,1426.05,56.52,1,0,0,37.48,7.8,22.81,15.58,10.49,0,0,4.16,98.32
2024-01-04,CUST000803,SO0048,875.41,51.21,1,0,0,36.74,0.12,20.25,24.75,18.33,0,0,7.81,108.0
2024-01-04,CUST000808,SO0043,1200.99,46.88,1,0,0,47.19,11.9,9.08,24.79,15.65,0,0,7.69,116.3
2024-01-04,CUST000811,SO0028,4167.23,150.74,1,0,0,42.77,12.31,19.32,19.53,29.38,0,0,4.97,128.28
2024-01-04,CUST000865,SO0022,751.45,38.73,1,0,0,29.89,11.72,22.65,26.39,11.85,0,0,3.92,106.42
2024-01-04,CUST000971,SO0041,1422.14,81.94,1,0,0,43.78,5.33,20.76,34.82,18.89,0,0,2.35,125.93
2024-01-04,CUST000995,SO0004,1342.82,53.09,1,0,0,39.9,4.88,15.41,18.6,17.71,0,0,7.46,103.96
2024-01-04,CUST000998,SO0026,1682.4,66.76,1,0,0,47.03,6.69,20.83,26.09,16.94,0,0,8.69,126.27
2024-01-04,CUST001080,SO0023,815.76,55.06,1,0,0,34.82,3.25,24.56,20.2,14.05,0,0,5.95,102.83
2024-01-04,CUST001086,SO0040,1051.67,54.44,1,0,0,38.51,12.04,21.12,13.96,10.69,0,0,9.58,105.9
2024-01-04,CUST001095,SO0006,1081.4,54.54,1,0,0,44.54,1.94,10.34,18.83,24.63,0,0,9.34,109.62
2024-01-04,CUST001143,SO0003,1999.93,90.64,1,0,0,33.04,2.4,14.07,17.0,32.91,0,0,7.59,107.01
2024-01-04,CUST001162,SO0031,1080.29,46.52,1,0,0,51.4,0.93,9.22,11.2,21.48,0,0,8.91,103.14
2024-01-04,CUST001192,SO0027,1246.03,64.6,1,0,0,30.33,5.98,19.13,27.31,16.18,0,0,8.65,107.58
2024-01-04,CUST001203,SO0022,1149.39,52.83,1,0,0,40.15,12.95,16.11,10.55,28.91,0,0,11.61,120.28
2024-01-04,CUST001225,SO0035,1050.47,70.81,1,0,0,31.7,11.6,14.11,24.83,21.72,0,0,11.04,115.0
2024-01-04,CUST001233,SO0027,902.12,48.39,1,0,0,33.07,6.85,23.45,30.76,9.62,0,0,4.6,108.35
2024-01-04,CUST001313,SO0009,2854.21,109.32,1,0,0,29.88,8.12,18.3,31.07,17.19,0,0,8.76,113.32
2024-01-04,CUST001354,SO0016,1791.83,81.8,1,0,0,40.33,7.28,21.73,34.26,44.51,0,0,9.68,157.79
2024-01-04,CUST001361,SO0021,1922.73,74.71,1,0,0,28.9,8.49,17.08,15.13,20.76,0,0,6.52,96.88
2024-01-04,CUST001383,SO0027,1430.75,66.5,1,0,0,38.97,0.49,12.74,10.8,22.27,0,0,2.21,87.48
2024-01-04,CUST001398,SO0020,2747.58,107.82,1,0,0,46.21,7.9,19.75,28.26,51.95,0,0,10.4,164.47
2024-01-04,CUST001437,SO0001,1766.82,95.24,1,0,0,28.99,13.01,23.53,20.52,33.47,0,0,10.19,129.71
2024-01-04,CUST001460,SO0024,1595.04,81.8,1,0,0,33.27,13.72,9.47,13.92,31.04,0,0,10.07,111.49
2024-01-04,CUST001461,SO0030,1333.78,50.37,1,1,0,43.86,0.45,16.91,11.64,23.14,185,0,9.95,290.95
2024-01-04,CUST001468,SO0004,2292.58,89.65,1,0,0,43.03,3.02,22.52,32.14,38.52,0,0,6.65,145.88
2024-01-04,CUST001532,SO0034,2341.5,156.05,1,0,0,30.49,10.94,17.36,34.4,60.4,0,0,8.67,162.26
2024-01-04,CUST001544,SO0039,816.0,41.78,1,1,0,48.07,3.52,11.44,25.39,18.18,185,0,9.14,300.74
2024-01-04,CUST001549,SO0040,1454.9,72.42,1,0,0,39.37,6.16,23.27,16.66,18.45,0,0,4.58,108.49
2024-01-04,CUST001698,SO0009,474.14,33.07,1,0,0,51.79,13.02,12.13,24.47,14.32,0,0,7.44,123.17
2024-01-04,CUST001699,SO0014,3468.26,217.53,2,0,1,76.1,22.66,33.75,21.54,52.31,0,110,4.27,320.63
2024-01-04,CUST001732,SO0021,4282.4,188.66,1,0,0,42.33,1.85,19.73,21.46,32.2,0,0,2.5,120.07
2024-01-04,CUST001747,SO0017,5142.97,189.66,1,0,0,32.31,8.74,16.74,12.39,86.14,0,0,6.32,162.64
2024-01-04,CUST001790,SO0043,0.0,0.0,0,0,0,0.0,0.0,0.0,0.0,0.0,0,0,0.0,0.0
2024-01-04,CUST001791,SO0014,2564.43,160.18,1,0,0,46.1,12.8,21.77,26.64,77.73,0,0,4.05,189.09
2024-01-04,CUST001800,SO0001,3187.29,141.6,2,0,0,57.92,14.32,49.25,35.37,35.31,0,0,23.78,215.95
2024-01-04,CUST001823,SO0020,1444.76,82.76,1,0,1,46.39,6.44,22.23,12.15,15.18,0,110,10.25,222.64
2024-01-04,CUST001838,SO0009,2495.24,105.55,1,0,0,43.48,5.78,20.29,26.86,33.85,0,0,3.95,134.21
2024-01-04,CUST001862,SO0047,1488.89,55.79,1,0,0,34.45,2.1,10.94,29.7,21.4,0,0,11.88,110.47
2024-01-04,CUST001881,SO0016,2825.97,105.32,1,0,0,37.65,2.23,20.42,24.47,43.77,0,0,2.95,131.49
2024-01-04,CUST001922,SO0003,1584.76,82.34,1,0,0,37.7,10.69,12.65,26.29,38.04,0,0,5.09,130.46
2024-01-04,CUST001934,SO0009,667.28,29.46,1,0,0,37.49,9.68,13.44,11.02,14.27,0,0,5.85,91.75
2024-01-04,CUST001948,SO0047,1892.64,133.12,1,0,0,43.58,13.49,18.46,29.41,38.6,0,0,5.83,149.37
2024-01-04,CUST001955,SO0003,1723.56,62.29,1,0,0,36.19,7.95,23.54,17.99,18.83,0,0,7.33,111.83
2024-01-04,CUST001971,SO0018,2481.96,107.55,1,0,0,47.79,10.56,8.41,13.73,46.45,0,0,4.32,131.26
2024-01-04,CUST001988,SO0046,1276.35,68.16,1,0,0,47.69,1.89,14.23,17.05,29.21,0,0,4.93,115.0
2024-01-04,CUST002004,SO0038,1341.69,64.53,1,0,0,40.06,7.31,10.2,22.12,33.78,0,0,6.28,119.75
2024-01-04,CUST002006,SO0024,1699.42,78.05,1,0,1,40.98,10.82,16.16,10.91,39.92,0,110,9.36,238.15
2024-01-04,CUST002021,SO0047,437.05,26.88,1,0,0,49.34,10.02,12.64,26.63,9.43,0,0,8.07,116.13
2024-01-04,CUST002030,SO0048,1694.9,59.76,1,0,0,34.93,10.36,18.99,18.41,21.14,0,0,11.29,115.12
2024-01-04,CUST002032,SO0021,1629.93,86.0,1,0,0,33.68,3.58,22.79,31.58,24.69,0,0,7.8,124.12
2024-01-04,CUST002035,SO0029,1316.4,62.08,1,0,0,37.71,13.75,13.51,14.91,12.67,0,0,6.78,99.33
2024-01-04,CUST002063,SO0007,2171.96,110.88,1,0,0,39.82,13.34,20.91,17.26,30.54,0,0,2.03,123.9
2024-01-04,CUST002071,SO0036,2403.99,109.67,1,0,0,45.86,7.88,24.92,24.27,43.47,0,0,2.86,149.26
2024-01-04,CUST002093,SO0010,1185.19,51.26,1,0,0,34.75,10.97,14.23,34.43,16.24,0,0,2.79,113.41
2024-01-04,CUST002098,SO0025,3286.81,121.67,1,0,0,29.29,5.67,17.85,26.02,39.04,0,0,8.7,126.57
2024-01-04,CUST002130,SO0019,2011.95,113.43,1,0,0,32.1,13.28,19.56,13.22,43.37,0,0,4.54,126.07
2024-01-04,CUST002163,SO0013,6712.75,254.28,1,0,0,49.55,6.72,18.51,21.7,120.09,0,0,7.48,224.05
2024-01-04,CUST002216,SO0047,419.9,23.63,1,0,0,38.64,7.05,16.49,15.39,8.9,0,0,3.43,89.9
2024-01-04,CUST002233,SO0012,2330.16,123.96,1,0,0,40.99,11.86,22.01,16.66,44.81,0,0,11.08,147.41
2024-01-04,CUST002247,SO0034,1324.88,90.94,1,0,0,39.3,10.13,18.71,22.35,43.11,0,0,3.18,136.78
2024-01-04,CUST002259,SO0011,2506.08,93.31,1,0,0,40.21,10.47,23.82,16.31,40.95,0,0,11.37,143.13
2024-01-04,CUST002298,SO0004,5233.28,204.83,1,0,0,33.1,0.17,9.59,22.99,92.0,0,0,8.88,166.73
2024-01-04,CUST002306,SO0043,1737.17,76.65,1,0,0,29.17,8.16,19.96,28.19,24.04,0,0,9.95,119.47
2024-01-04,CUST002342,SO0029,2188.61,95.6,1,0,0,38.69,3.34,14.82,16.1,30.04,0,0,9.17,112.16
2024-01-04,CUST002366,SO0048,2906.9700000000003,164.21,2,0,0,92.92,13.99,31.82,21.65,75.57,0,0,23.87,259.82
2024-01-04,CUST002372,SO0043,2018.98,90.57,1,0,0,41.34,4.42,17.64,25.11,36.42,0,0,2.4,127.33
2024-01-04,CUST002406,SO0046,1616.82,90.75,1,1,0,29.29,11.76,23.83,22.19,47.8,185,0,2.82,322.69
2024-01-04,CUST002423,SO0007,1483.64,53.59,1,0,0,42.96,11.08,20.28,17.97,15.95,0,0,2.62,110.86
2024-01-04,CUST002442,SO0022,2010.6,71.08,1,0,0,42.8,7.07,21.82,23.08,24.9,0,0,10.35,130.02
2024-01-04,CUST002460,SO0044,875.52,54.13,1,0,0,36.28,13.3,14.38,20.95,21.11,0,0,4.35,110.37
2024-01-04,CUST002469,SO0010,1726.71,70.97,1,0,0,31.74,9.37,12.62,26.57,38.69,0,0,11.02,130.01
2024-01-04,CUST002480,SO0027,0.0,0.0,0,0,0,0.0,0.0,0.0,0.0,0.0,0,0,0.0,0.0
2024-01-05,CUST000014,SO0029,1231.59,61.06,1,0,0,48.64,10.92,23.97,13.43,30.45,0,0,8.15,135.56
2024-01-05,CUST000035,SO0030,2482.01,106.36,1,0,0,43.7,5.61,14.0,22.5,26.96,0,0,5.63,118.4
2024-01-05,CUST000062,SO0006,1425.12,91.93,1,0,0,33.28,1.18,15.37,12.47,28.64,0,0,9.98,100.92
2024-01-05,CUST000066,SO0039,1962.77,72.83,1,0,0,38.05,11.67,13.64,13.16,15.71,0,0,11.17,103.4
2024-01-05,CUST000071,SO0044,1972.97,103.27,1,0,0,30.85,1.43,18.45,15.0,34.8,0,0,5.08,105.61
2024-01-05,CUST000073,SO0018,4116.38,157.15,1,0,0,42.92,2.7,15.86,24.67,39.77,0,0,3.1,129.02
2024-01-05,CUST000092,SO0006,2243.22,77.73,1,0,0,42.17,11.82,21.54,34.1,27.36,0,0,8.62,145.61
2024-01-05,CUST000120,SO0016,2547.08,128.99,1,0,0,49.68,10.14,18.2,11.29,22.74,0,0,7.65,119.7
2024-01-05,CUST000123,SO0043,1621.09,69.72,1,0,0,49.06,8.7,12.41,19.41,35.88,0,0,3.46,128.92
2024-01-05,CUST000124,SO0023,1327.0,74.45,1,0,0,45.52,2.69,23.65,32.75,36.68,0,0,4.92,146.21
2024-01-05,CUST000150,SO0010,1431.47,70.76,1,0,0,49.32,4.36,15.74,20.3,24.36,0,0,11.22,125.3
2024-01-05,CUST000247,SO0025,2274.56,154.56,1,0,0,45.31,12.06,9.58,12.48,78.05,0,0,10.56,168.04
2024-01-05,CUST000252,SO0024,1810.42,101.12,1,0,0,44.72,5.45,10.32,10.64,47.29,0,0,8.62,127.04
2024-01-05,CUST000345,SO0017,1648.3,74.55,1,0,0,47.49,8.58,22.09,21.84,22.75,0,0,7.71,130.46
2024-01-05,CUST000367,SO0007,1248.16,58.3,1,0,0,41.24,13.24,24.08,19.11,29.97,0,0,10.79,138.43
2024-01-05,CUST000432,SO0034,1288.69,63.46,1,0,0,28.42,7.65,17.58,22.81,25.45,0,0,10.85,112.76
2024-01-05,CUST000433,SO0019,1703.44,65.52,1,0,0,28.1,10.19,8.15,11.52,27.19,0,0,6.56,91.71
2024-01-05,CUST000459,SO0015,1181.63,55.63,1,0,0,30.28,12.38,10.45,12.35,27.21,0,0,10.95,103.62
2024-01-05,CUST000477,SO0005,1508.83,72.15,1,0,0,32.4,3.67,24.34,12.79,35.46,0,0,7.98,116.64
2024-01-05,CUST000490,SO0045,640.9,43.34,1,0,0,36.34,13.3,11.29,20.4,13.53,0,0,7.75,102.61
2024-01-05,CUST000492,SO0035,1788.16,84.15,1,0,0,38.54,2.32,17.14,15.15,16.23,0,0,3.54,92.92
2024-01-05,CUST000521,SO0004,1400.02,71.31,1,0,0,50.29,5.68,11.85,15.56,33.04,0,0,5.94,122.36
2024-01-05,CUST000538,SO0032,2826.81,97.98,1,0,0,42.91,3.76,17.25,31.01,44.52,0,0,11.75,151.2
2024-01-05,CUST000560,SO0037,2651.5,139.95,2,0,0,95.19,6.18,31.24,59.68,54.77,0,0,21.45,268.51
2024-01-05,CUST000571,SO0030,1480.26,98.91,1,0,0,28.76,4.57,12.8,22.22,25.93,0,0,10.17,104.45
2024-01-05,CUST000576,SO0040,698.73,48.24,1,0,0,41.47,10.26,11.23,17.25,10.55,0,0,7.43,98.19
2024-01-05,CUST000584,SO0015,1820.39,95.98,1,0,0,29.4,4.16,24.09,18.25,26.26,0,0,9.3,111.46
2024-01-05,CUST000602,SO0030,4944.29,177.47,1,0,0,49.6,4.49,17.58,17.52,95.87,0,0,9.54,194.6
2024-01-05,CUST000623,SO0019,1104.18,76.05,1,0,0,38.66,0.23,16.1,27.29,17.33,0,0,6.0,105.61
2024-01-05,CUST000752,SO0020,1531.85,73.97,1,0,0,28.35,9.37,14.2,12.79,39.25,0,0,3.97,107.93
2024-01-05,CUST000793,SO0032,803.24,48.23,1,0,0,43.91,4.07,12.89,20.95,16.76,0,0,3.84,102.42
2024-01-05,CUST000814,SO0028,3078.18,110.14,1,0,0,49.52,5.29,12.43,23.9,31.15,0,0,8.46,130.75
2024-01-05,CUST000862,SO0031,3196.89,137.04,1,0,0,40.46,8.67,24.07,20.02,27.23,0,0,10.54,130.99
2024-01-05,CUST000872,SO0024,3233.96,113.71,1,0,0,36.62,12.31,15.57,22.71,19.98,0,0,5.71,112.9
2024-01-05,CUST000882,SO0006,627.41,38.62,1,0,0,47.04,3.68,20.61,30.28,12.64,0,0,10.41,124.66
2024-01-05,CUST000916,SO0029,743.0,31.4,1,0,0,42.14,4.55,20.37,18.95,12.6,0,0,11.85,110.46
2024-01-05,CUST000931,SO0023,1445.24,74.54,1,0,0,38.13,5.51,17.99,24.87,31.69,0,0,6.87,125.06
2024-01-05,CUST000982,SO0045,976.1,50.14,1,0,0,40.75,13.43,13.42,27.99,16.91,0,0,10.92,123.42
2024-01-05,CUST000995,SO0004,683.9,47.34,1,0,0,44.24,4.54,8.34,13.44,7.77,0,0,6.31,84.64
2024-01-05,CUST000996,SO0018,1067.46,54.74,1,0,0,36.81,3.42,16.79,22.91,29.68,0,0,2.88,112.49
2024-01-05,CUST001050,SO0046,775.99,47.55,1,0,0,44.08,0.75,19.95,32.9,23.89,0,0,4.95,126.52
2024-01-05,CUST001076,SO0034,920.89,49.76,1,0,0,33.58,0.77,11.05,27.91,7.75,0,0,5.53,86.59
2024-01-05,CUST001123,SO0016,2032.71,80.66,1,0,0,38.94,9.74,11.22,23.81,31.25,0,0,4.17,119.13
2024-01-05,CUST001144,SO0004,2919.53,130.42,1,0,0,50.26,2.81,20.22,30.86,63.63,0,0,6.32,174.1
2024-01-05,CUST001204,SO0023,386.81,18.21,1,0,0,30.1,2.94,20.53,11.78,4.67,0,0,2.26,72.28
2024-01-05,CUST001229,SO0016,1651.65,64.66,1,0,0,42.73,2.17,23.67,18.45,17.66,0,0,2.19,106.87
2024-01-05,CUST001253,SO0030,565.43,38.33,1,0,0,36.85,6.49,10.11,15.81,12.83,0,0,2.97,85.06
2024-01-05,CUST001323,SO0023,1677.04,71.42,1,0,0,37.57,0.76,22.79,25.41,14.47,0,0,10.75,111.75
2024-01-05,CUST001358,SO0009,0.0,0.0,0,0,0,0.0,0.0,0.0,0.0,0.0,0,0,0.0,0.0
2024-01-05,CUST001377,SO0012,1864.46,96.9,1,0,0,32.9,4.82,16.66,27.08,32.52,0,0,3.33,117.31
2024-01-05,CUST001390,SO0047,814.82,47.76,1,0,0,28.37,5.87,9.8,14.08,22.1,0,0,6.16,86.38
2024-01-05,CUST001402,SO0016,3284.26,194.53,2,0,0,92.19,11.76,39.74,52.57,33.51,0,0,20.87,250.64
2024-01-05,CUST001416,SO0037,2921.02,134.16,1,0,0,32.73,6.78,10.27,16.13,59.71,0,0,5.08,130.7
2024-01-05,CUST001425,SO0032,1196.64,46.34,1,0,0,38.26,2.41,19.04,16.52,10.31,0,0,10.2,96.74
2024-01-05,CUST001441,SO0033,1955.39,123.56,1,0,0,51.52,6.3,9.26,20.11,28.02,0,0,2.55,117.76
2024-01-05,CUST001463,SO0020,2137.71,93.83,1,0,0,51.03,1.1,17.11,25.37,46.04,0,0,3.62,144.27
2024-01-05,CUST001477,SO0003,2569.07,139.24,1,0,0,49.58,10.15,8.91,25.27,50.46,0,0,10.96,155.33
2024-01-05,CUST001518,SO0009,683.37,37.05,1,0,0,43.0,3.57,8.96,32.22,12.01,0,0,6.53,106.29
2024-01-05,CUST001530,SO0047,2655.01,163.93,1,0,0,45.12,5.6,17.37,21.53,67.32,0,0,3.45,160.39
2024-01-05,CUST001586,SO0011,1079.08,52.47,1,0,0,47.22,12.14,21.28,19.94,11.6,0,0,9.64,121.82
2024-01-05,CUST001616,SO0044,991.54,66.95,1,0,0,45.37,5.55,11.92,21.3,13.11,0,0,8.58,105.83
2024-01-05,CUST001621,SO0028,571.87,29.71,1,0,0,44.52,9.07,8.79,25.28,9.19,0,0,6.41,103.26
2024-01-05,CUST001634,SO0035,2237.81,81.73,1,0,0,34.08,11.87,18.81,24.37,40.52,0,0,11.21,140.86
2024-01-05,CUST001649,SO0016,1891.35,101.5,1,0,0,38.43,9.9,12.46,20.9,40.19,0,0,4.98,126.86
2024-01-05,CUST001659,SO0036,745.03,29.62,1,0,1,46.82,1.19,16.87,16.12,11.92,0,110,8.25,211.17
2024-01-05,CUST001707,SO0044,2300.03,93.14,1,0,0,32.91,13.5,16.92,11.63,15.59,0,0,11.78,102.33
2024-01-05,CUST001773,SO0029,2254.86,88.08,1,0,1,48.2,3.74,9.25,15.97,41.71,0,110,8.42,237.29
