sales_transaction_id,sales_transaction_line_number,delivery_order_id,purchase_date,customer_id,material_id,sales_organization_id,cases_sold,gross_sales_amount,discount_amount,net_sales_amount
SALE0000000001,1,DEL000000001,2025-10-02,CUST001009,MAT00035,SO0006,109.43,2258.29,55.33,2202.96
SALE0000000002,1,DEL000000002,2026-03-06,CUST002011,MAT00024,SO0011,1.98,31.93,0.04,31.89
SALE0000000002,2,DEL000000002,2026-03-06,CUST002011,MAT00020,SO0011,50.67,886.74,5.29,881.45
SALE0000000003,1,DEL000000003,2024-11-29,CUST000176,MAT00003,SO0005,9.8,198.52,5.62,192.9
SALE0000000003,2,DEL000000003,2024-11-29,CUST000176,MAT00006,SO0005,2.56,46.26,1.28,44.98
SALE0000000003,3,DEL000000003,2024-11-29,CUST000176,MAT00008,SO0005,3.79,89.42,0.45,88.97
SALE0000000003,4,DEL000000003,2024-11-29,CUST000176,MAT00024,SO0005,35.28,785.77,38.72,747.05
SALE0000000004,1,DEL000000004,2025-12-18,CUST001008,MAT00020,SO0021,34.9,642.03,24.86,617.17
SALE0000000004,2,DEL000000004,2025-12-18,CUST001008,MAT00014,SO0021,25.76,633.83,44.62,589.21
SALE0000000005,1,DEL000000005,2026-07-22,CUST002343,MAT00022,SO0018,19.82,316.43,10.5,305.93
SALE0000000005,2,DEL000000005,2026-07-22,CUST002343,MAT00002,SO0018,49.56,894.22,13.19,881.03
SALE0000000006,1,DEL000000006,2024-02-11,CUST000512,MAT00030,SO0027,29.28,707.2,37.47,669.73
SALE0000000006,2,DEL000000006,2024-02-11,CUST000512,MAT00020,SO0027,7.71,158.94,6.12,152.82
SALE0000000006,3,DEL000000006,2024-02-11,CUST000512,MAT00018,SO0027,4.39,82.39,5.06,77.33
SALE0000000006,4,DEL000000006,2024-02-11,CUST000512,MAT00028,SO0027,4.94,120.91,6.11,114.8
SALE0000000007,1,DEL000000007,2024-12-24,CUST000778,MAT00035,SO0047,50.9,830.41,3.1,827.31
SALE0000000007,2,DEL000000007,2024-12-24,CUST000778,MAT00034,SO0047,137.23,2776.86,219.12,2557.74
SALE0000000007,3,DEL000000007,2024-12-24,CUST000778,MAT00009,SO0047,0.98,25.82,2.01,23.81
SALE0000000008,1,DEL000000008,2024-08-31,CUST001306,MAT00015,SO0011,13.47,243.75,9.13,234.62
SALE0000000008,2,DEL000000008,2024-08-31,CUST001306,MAT00020,SO0011,45.28,1170.68,7.27,1163.41
SALE0000000008,3,DEL000000008,2024-08-31,CUST001306,MAT00013,SO0011,9.75,172.11,6.05,166.06
SALE0000000008,4,DEL000000008,2024-08-31,CUST001306,MAT00006,SO0011,16.36,365.86,16.12,349.74
SALE0000000009,1,DEL000000009,2025-02-09,CUST002046,MAT00029,SO0031,77.0,1364.47,8.19,1356.28
SALE0000000010,1,DEL000000010,2025-01-29,CUST000503,MAT00012,SO0034,43.83,646.42,20.85,625.57
SALE0000000010,2,DEL000000010,2025-01-29,CUST000503,MAT00019,SO0034,7.11,146.13,9.46,136.67
SALE0000000010,3,DEL000000010,2025-01-29,CUST000503,MAT00036,SO0034,8.87,221.78,2.1,219.68
SALE0000000010,4,DEL000000010,2025-01-29,CUST000503,MAT00021,SO0034,11.8,319.4,20.31,299.09
SALE0000000011,1,DEL000000011,2024-11-30,CUST001817,MAT00012,SO0006,128.47,2801.36,146.31,2655.05
SALE0000000012,1,DEL000000012,2025-10-04,CUST001795,MAT00033,SO0016,123.2,2129.06,169.62,1959.44
SALE0000000013,1,DEL000000013,2024-01-12,CUST001358,MAT00027,SO0009,27.93,470.48,8.05,462.43
SALE0000000013,2,DEL000000013,2024-01-12,CUST001358,MAT00010,SO0009,19.26,410.06,13.24,396.82
SALE0000000013,3,DEL000000013,2024-01-12,CUST001358,MAT00003,SO0009,69.62,1315.09,104.08,1211.01
SALE0000000014,1,DEL000000014,2024-12-25,CUST000668,MAT00007,SO0043,3.75,82.31,0.23,82.08
SALE0000000014,2,DEL000000014,2024-12-25,CUST000668,MAT00022,SO0043,17.59,486.07,27.49,458.58
SALE0000000014,3,DEL000000014,2024-12-25,CUST000668,MAT00002,SO0043,24.56,683.67,30.6,653.07
SALE0000000015,1,DEL000000015,2025-10-07,CUST000967,MAT00036,SO0035,12.02,198.47,3.49,194.98
SALE0000000015,2,DEL000000015,2025-10-07,CUST000967,MAT00020,SO0035,9.7,149.14,4.89,144.25
SALE0000000015,3,DEL000000015,2025-10-07,CUST000967,MAT00032,SO0035,44.41,799.63,7.27,792.36
SALE0000000016,1,DEL000000016,2025-11-04,CUST002221,MAT00029,SO0038,39.66,1091.82,42.58,1049.24
SALE0000000016,2,DEL000000016,2025-11-04,CUST002221,MAT00037,SO0038,4.38,62.99,3.75,59.24
SALE0000000017,1,DEL000000017,2026-02-18,CUST001344,MAT00004,SO0023,20.39,406.56,15.14,391.42
SALE0000000018,1,DEL000000018,2025-06-08,CUST001250,MAT00011,SO0020,2.42,34.4,1.67,32.73
SALE0000000018,2,DEL000000018,2025-06-08,CUST001250,MAT00008,SO0020,67.35,1088.96,37.6,1051.36
SALE0000000018,3,DEL000000018,2025-06-08,CUST001250,MAT00014,SO0020,13.5,348.19,20.49,327.7
SALE0000000018,4,DEL000000018,2025-06-08,CUST001250,MAT00023,SO0020,4.54,123.18,0.71,122.47
SALE0000000019,1,DEL000000019,2026-05-09,CUST000089,MAT00030,SO0020,45.22,795.29,53.87,741.42
SALE0000000019,2,DEL000000019,2026-05-09,CUST000089,MAT00002,SO0020,29.8,829.23,21.62,807.61
SALE0000000019,3,DEL000000019,2026-05-09,CUST000089,MAT00012,SO0020,29.27,747.13,3.79,743.34
SALE0000000019,4,DEL000000019,2026-05-09,CUST000089,MAT00031,SO0020,21.79,431.5,25.27,406.23
SALE0000000020,1,DEL000000020,2024-12-03,CUST001220,MAT00023,SO0019,5.77,84.12,0.41,83.71
SALE0000000020,2,DEL000000020,2024-12-03,CUST001220,MAT00034,SO0019,14.52,420.72,16.11,404.61
SALE0000000020,3,DEL000000020,2024-12-03,CUST001220,MAT00016,SO0019,67.01,1661.12,21.52,1639.6
SALE0000000020,4,DEL000000020,2024-12-03,CUST001220,MAT00025,SO0019,15.27,327.12,24.66,302.46
SALE0000000021,1,DEL000000021,2026-01-22,CUST000089,MAT00007,SO0020,3.97,73.61,2.04,71.57
SALE0000000021,2,DEL000000021,2026-01-22,CUST000089,MAT00037,SO0020,78.49,1185.78,13.99,1171.79
SALE0000000021,3,DEL000000021,2026-01-22,CUST000089,MAT00002,SO0020,13.68,255.37,10.55,244.82
SALE0000000021,4,DEL000000021,2026-01-22,CUST000089,MAT00018,SO0020,39.39,988.62,43.2,945.42
SALE0000000022,1,DEL000000022,2025-08-26,CUST002201,MAT00016,SO0001,93.81,1461.35,109.5,1351.85
SALE0000000022,2,DEL000000022,2025-08-26,CUST002201,MAT00018,SO0001,46.93,1061.97,76.57,985.4
SALE0000000023,1,DEL000000023,2025-01-14,CUST001072,MAT00025,SO0036,26.33,755.97,31.19,724.78
SALE0000000023,2,DEL000000023,2025-01-14,CUST001072,MAT00012,SO0036,23.15,382.11,20.44,361.67
SALE0000000024,1,DEL000000024,2024-07-02,CUST002104,MAT00002,SO0046,62.22,1033.63,46.45,987.18
SALE0000000025,1,DEL000000025,2026-07-17,CUST000241,MAT00022,SO0017,70.33,1601.91,98.46,1503.45
SALE0000000026,1,DEL000000026,2024-08-11,CUST001789,MAT00024,SO0019,72.94,1123.79,30.32,1093.47
SALE0000000026,2,DEL000000026,2024-08-11,CUST001789,MAT00018,SO0019,9.74,179.4,0.55,178.85
SALE0000000027,1,DEL000000027,2024-06-01,CUST000371,MAT00030,SO0005,6.23,170.94,11.88,159.06
SALE0000000027,2,DEL000000027,2024-06-01,CUST000371,MAT00007,SO0005,42.86,832.0,3.54,828.46
SALE0000000027,3,DEL000000027,2024-06-01,CUST000371,MAT00001,SO0005,14.09,340.18,26.3,313.88
SALE0000000027,4,DEL000000027,2024-06-01,CUST000371,MAT00034,SO0005,13.27,217.5,3.65,213.85
SALE0000000028,1,DEL000000028,2024-12-11,CUST001499,MAT00020,SO0041,35.04,746.35,31.36,714.99
SALE0000000029,1,DEL000000029,2026-04-15,CUST001189,MAT00013,SO0013,168.93,2714.47,30.33,2684.14
SALE0000000030,1,DEL000000030,2026-06-07,CUST000041,MAT00025,SO0035,5.85,86.72,2.58,84.14
SALE0000000030,2,DEL000000030,2026-06-07,CUST000041,MAT00038,SO0035,8.77,238.99,8.3,230.69
SALE0000000030,3,DEL000000030,2026-06-07,CUST000041,MAT00003,SO0035,0.85,18.74,0.71,18.03
SALE0000000030,4,DEL000000030,2026-06-07,CUST000041,MAT00023,SO0035,39.11,590.85,0.98,589.87
SALE0000000031,1,DEL000000031,2024-06-01,CUST000349,MAT00023,SO0018,39.21,685.01,18.67,666.34
SALE0000000032,1,DEL000000032,2024-07-12,CUST000455,MAT00001,SO0006,50.36,1218.49,19.39,1199.1
SALE0000000033,1,DEL000000033,2025-12-30,CUST001550,MAT00012,SO0022,19.9,551.41,9.85,541.56
SALE0000000033,2,DEL000000033,2025-12-30,CUST001550,MAT00015,SO0022,29.25,580.39,44.57,535.82
SALE0000000034,1,DEL000000034,2026-03-26,CUST001873,MAT00034,SO0030,35.1,697.19,28.56,668.63
SALE0000000034,2,DEL000000034,2026-03-26,CUST001873,MAT00038,SO0030,57.88,1397.12,26.53,1370.59
SALE0000000034,3,DEL000000034,2026-03-26,CUST001873,MAT00002,SO0030,0.34,4.89,0.36,4.53
SALE0000000035,1,DEL000000035,2024-04-26,CUST000150,MAT00038,SO0010,93.3,1956.36,59.47,1896.89
SALE0000000036,1,DEL000000036,2026-06-11,CUST001634,MAT00020,SO0035,47.24,1016.32,44.96,971.36
SALE0000000037,1,DEL000000037,2025-09-27,CUST000026,MAT00003,SO0025,49.72,934.28,68.86,865.42
SALE0000000037,2,DEL000000037,2025-09-27,CUST000026,MAT00034,SO0025,69.48,1536.34,80.26,1456.08
SALE0000000037,3,DEL000000037,2025-09-27,CUST000026,MAT00037,SO0025,27.19,654.51,15.94,638.57
SALE0000000038,1,DEL000000038,2024-10-12,CUST000676,MAT00039,SO0029,37.72,725.52,16.65,708.87
SALE0000000038,2,DEL000000038,2024-10-12,CUST000676,MAT00013,SO0029,23.3,347.42,16.3,331.12
SALE0000000038,3,DEL000000038,2024-10-12,CUST000676,MAT00011,SO0029,3.8,73.91,1.29,72.62
SALE0000000038,4,DEL000000038,2024-10-12,CUST000676,MAT00014,SO0029,23.16,523.22,32.18,491.04
SALE0000000039,1,DEL000000039,2024-11-26,CUST000275,MAT00018,SO0048,93.71,2394.59,52.51,2342.08
SALE0000000040,1,DEL000000040,2025-03-14,CUST000841,MAT00030,SO0044,27.17,628.06,35.98,592.08
SALE0000000040,2,DEL000000040,2025-03-14,CUST000841,MAT00036,SO0044,28.81,735.99,42.79,693.2
SALE0000000041,1,DEL000000041,2025-09-20,CUST001617,MAT00017,SO0048,14.29,207.67,9.57,198.1
SALE0000000041,2,DEL000000041,2025-09-20,CUST001617,MAT00008,SO0048,1.85,33.23,2.58,30.65
SALE0000000041,3,DEL000000041,2025-09-20,CUST001617,MAT00010,SO0048,51.98,809.4,6.04,803.36
SALE0000000041,4,DEL000000041,2025-09-20,CUST001617,MAT00028,SO0048,30.26,484.61,37.07,447.54
SALE0000000042,1,DEL000000042,2026-04-26,CUST000658,MAT00009,SO0041,15.24,380.82,13.72,367.1
SALE0000000042,2,DEL000000042,2026-04-26,CUST000658,MAT00015,SO0041,5.82,135.35,7.04,128.31
SALE0000000042,3,DEL000000042,2026-04-26,CUST000658,MAT00019,SO0041,8.42,124.7,1.54,123.16
SALE0000000042,4,DEL000000042,2026-04-26,CUST000658,MAT00007,SO0041,11.53,246.74,3.12,243.62
SALE0000000043,1,DEL000000043,2026-02-25,CUST000298,MAT00003,SO0043,95.31,1942.62,151.41,1791.21
SALE0000000044,1,DEL000000044,2026-07-11,CUST000170,MAT00016,SO0021,10.32,179.99,9.92,170.07
SALE0000000044,2,DEL000000044,2026-07-11,CUST000170,MAT00023,SO0021,39.19,1109.07,86.8,1022.27
SALE0000000045,1,DEL000000045,2025-03-16,CUST002386,MAT00026,SO0026,30.17,445.72,16.07,429.65
SALE0000000045,2,DEL000000045,2025-03-16,CUST002386,MAT00019,SO0026,51.35,872.4,34.61,837.79
SALE0000000046,1,DEL000000046,2024-07-09,CUST001977,MAT00015,SO0038,8.34,161.11,6.31,154.8
SALE0000000046,2,DEL000000046,2024-07-09,CUST001977,MAT00011,SO0038,47.88,1268.78,39.32,1229.46
SALE0000000046,3,DEL000000046,2024-07-09,CUST001977,MAT00034,SO0038,18.86,389.47,30.08,359.39
SALE0000000047,1,DEL000000047,2024-02-01,CUST000306,MAT00022,SO0016,48.02,809.52,62.32,747.2
SALE0000000047,2,DEL000000047,2024-02-01,CUST000306,MAT00020,SO0016,86.11,2373.73,71.99,2301.74
SALE0000000048,1,DEL000000048,2025-03-02,CUST000064,MAT00036,SO0041,74.63,1880.9,59.73,1821.17
SALE0000000049,1,DEL000000049,2025-03-30,CUST001491,MAT00003,SO0045,40.3,748.93,43.0,705.93
SALE0000000049,2,DEL000000049,2025-03-30,CUST001491,MAT00037,SO0045,38.78,867.21,29.47,837.74
SALE0000000050,1,DEL000000050,2025-11-01,CUST000710,MAT00022,SO0015,18.84,264.37,5.7,258.67
SALE0000000050,2,DEL000000050,2025-11-01,CUST000710,MAT00035,SO0015,9.94,261.9,9.7,252.2
SALE0000000050,3,DEL000000050,2025-11-01,CUST000710,MAT00015,SO0015,19.42,403.04,29.4,373.64
SALE0000000050,4,DEL000000050,2025-11-01,CUST000710,MAT00018,SO0015,0.23,6.07,0.39,5.68
SALE0000000051,1,DEL000000051,2024-07-21,CUST001974,MAT00027,SO0002,48.23,1330.58,50.89,1279.69
SALE0000000051,2,DEL000000051,2024-07-21,CUST001974,MAT00031,SO0002,14.71,296.81,18.94,277.87
SALE0000000051,3,DEL000000051,2024-07-21,CUST001974,MAT00014,SO0002,9.63,194.91,3.15,191.76
SALE0000000051,4,DEL000000051,2024-07-21,CUST001974,MAT00004,SO0002,32.85,709.23,55.3,653.93
SALE0000000052,1,DEL000000052,2025-03-19,CUST000146,MAT00029,SO0017,56.0,1109.0,39.15,1069.85
SALE0000000052,2,DEL000000052,2025-03-19,CUST000146,MAT00021,SO0017,60.83,1491.98,42.46,1449.52
SALE0000000052,3,DEL000000052,2025-03-19,CUST000146,MAT00014,SO0017,3.35,90.69,6.77,83.92
SALE0000000052,4,DEL000000052,2025-03-19,CUST000146,MAT00036,SO0017,5.39,107.86,6.66,101.2
SALE0000000053,1,DEL000000053,2025-07-01,CUST001676,MAT00038,SO0035,30.95,689.37,9.06,680.31
SALE0000000053,2,DEL000000053,2025-07-01,CUST001676,MAT00022,SO0035,32.01,795.45,29.4,766.05
SALE0000000054,1,DEL000000054,2026-03-19,CUST002002,MAT00009,SO0021,156.57,3698.67,104.19,3594.48
SALE0000000054,2,DEL000000054,2026-03-19,CUST002002,MAT00022,SO0021,0.36,5.94,0.13,5.81
SALE0000000055,1,DEL000000055,2024-08-25,CUST001325,MAT00004,SO0005,103.86,2192.39,15.48,2176.91
SALE0000000055,2,DEL000000055,2024-08-25,CUST001325,MAT00036,SO0005,35.49,949.29,13.67,935.62
SALE0000000055,3,DEL000000055,2024-08-25,CUST001325,MAT00006,SO0005,20.24,565.04,18.25,546.79
SALE0000000056,1,DEL000000056,2026-06-16,CUST002067,MAT00030,SO0017,26.98,706.45,48.38,658.07
SALE0000000056,2,DEL000000056,2026-06-16,CUST002067,MAT00033,SO0017,95.46,1918.84,77.13,1841.71
SALE0000000056,3,DEL000000056,2026-06-16,CUST002067,MAT00008,SO0017,5.58,90.55,2.45,88.1
SALE0000000057,1,DEL000000057,2024-07-23,CUST001696,MAT00011,SO0041,27.43,752.98,31.68,721.3
SALE0000000057,2,DEL000000057,2024-07-23,CUST001696,MAT00038,SO0041,18.96,405.76,12.57,393.19
SALE0000000057,3,DEL000000057,2024-07-23,CUST001696,MAT00030,SO0041,5.64,92.15,0.23,91.92
SALE0000000058,1,DEL000000058,2025-08-07,CUST001099,MAT00032,SO0040,102.0,1995.96,17.69,1978.27
SALE0000000059,1,DEL000000059,2026-01-20,CUST001199,MAT00016,SO0043,20.41,294.75,9.54,285.21
SALE0000000059,2,DEL000000059,2026-01-20,CUST001199,MAT00037,SO0043,13.98,234.64,1.19,233.45
SALE0000000059,3,DEL000000059,2026-01-20,CUST001199,MAT00006,SO0043,25.85,525.61,23.31,502.3
SALE0000000060,1,DEL000000060,2026-06-16,CUST000267,MAT00002,SO0036,11.14,187.29,1.69,185.6
SALE0000000060,2,DEL000000060,2026-06-16,CUST000267,MAT00024,SO0036,6.45,132.63,6.75,125.88
SALE0000000060,3,DEL000000060,2026-06-16,CUST000267,MAT00014,SO0036,34.59,583.63,0.22,583.41
SALE0000000060,4,DEL000000060,2026-06-16,CUST000267,MAT00015,SO0036,12.29,246.89,0.54,246.35
SALE0000000061,1,DEL000000061,2025-01-17,CUST001025,MAT00027,SO0042,3.62,87.15,6.64,80.51
SALE0000000061,2,DEL000000061,2025-01-17,CUST001025,MAT00035,SO0042,22.96,552.08,26.93,525.15
SALE0000000061,3,DEL000000061,2025-01-17,CUST001025,MAT00008,SO0042,83.81,2229.21,166.31,2062.9
SALE0000000062,1,DEL000000062,2025-09-21,CUST000439,MAT00019,SO0003,42.57,1156.37,47.93,1108.44
SALE0000000063,1,DEL000000063,2025-01-04,CUST001911,MAT00029,SO0007,54.24,1296.93,56.51,1240.42
SALE0000000064,1,DEL000000064,2025-08-29,CUST001864,MAT00013,SO0037,20.59,502.29,19.55,482.74
SALE0000000064,2,DEL000000064,2025-08-29,CUST001864,MAT00014,SO0037,8.1,161.21,8.92,152.29
SALE0000000064,3,DEL000000064,2025-08-29,CUST001864,MAT00010,SO0037,14.39,315.23,12.54,302.69
SALE0000000065,1,DEL000000065,2024-06-23,CUST001232,MAT00007,SO0004,15.39,360.24,24.17,336.07
SALE0000000065,2,DEL000000065,2024-06-23,CUST001232,MAT00009,SO0004,4.97,97.88,0.2,97.68
SALE0000000065,3,DEL000000065,2024-06-23,CUST001232,MAT00022,SO0004,43.87,652.13,22.31,629.82
SALE0000000066,1,DEL000000066,2026-07-24,CUST001819,MAT00034,SO0014,20.54,539.72,37.53,502.19
SALE0000000066,2,DEL000000066,2026-07-24,CUST001819,MAT00001,SO0014,37.01,786.48,35.68,750.8
SALE0000000066,3,DEL000000066,2026-07-24,CUST001819,MAT00028,SO0014,9.78,186.63,7.87,178.76
SALE0000000066,4,DEL000000066,2026-07-24,CUST001819,MAT00035,SO0014,9.39,227.09,14.69,212.4
SALE0000000067,1,DEL000000067,2025-12-11,CUST001414,MAT00032,SO0024,0.91,20.73,0.69,20.04
SALE0000000067,2,DEL000000067,2025-12-11,CUST001414,MAT00027,SO0024,47.22,954.18,29.49,924.69
SALE0000000067,3,DEL000000067,2025-12-11,CUST001414,MAT00036,SO0024,7.47,213.67,9.9,203.77
SALE0000000068,1,DEL000000068,2024-08-01,CUST000819,MAT00010,SO0040,24.15,615.43,35.13,580.3
SALE0000000068,2,DEL000000068,2024-08-01,CUST000819,MAT00022,SO0040,9.69,221.28,5.76,215.52
SALE0000000068,3,DEL000000068,2024-08-01,CUST000819,MAT00011,SO0040,12.54,318.52,21.14,297.38
SALE0000000068,4,DEL000000068,2024-08-01,CUST000819,MAT00027,SO0040,4.82,91.69,4.2,87.49
SALE0000000069,1,DEL000000069,2025-05-02,CUST000451,MAT00035,SO0005,42.97,841.96,37.72,804.24
SALE0000000069,2,DEL000000069,2025-05-02,CUST000451,MAT00002,SO0005,60.18,860.62,40.64,819.98
SALE0000000070,1,DEL000000070,2025-09-20,CUST001335,MAT00003,SO0035,197.03,5221.38,223.92,4997.46
SALE0000000071,1,DEL000000071,2026-02-11,CUST001851,MAT00012,SO0037,17.88,503.61,39.6,464.01
SALE0000000071,2,DEL000000071,2026-02-11,CUST001851,MAT00030,SO0037,30.67,534.05,13.8,520.25
SALE0000000071,3,DEL000000071,2026-02-11,CUST001851,MAT00023,SO0037,12.53,295.73,12.14,283.59
SALE0000000072,1,DEL000000072,2026-05-05,CUST001750,MAT00006,SO0041,10.48,206.93,15.52,191.41
SALE0000000072,2,DEL000000072,2026-05-05,CUST001750,MAT00012,SO0041,43.61,1009.15,16.8,992.35
SALE0000000073,1,DEL000000074,2026-07-07,CUST001820,MAT00019,SO0035,24.37,502.42,8.69,493.73
SALE0000000073,2,DEL000000074,2026-07-07,CUST001820,MAT00002,SO0035,3.77,88.53,2.1,86.43
SALE0000000073,3,DEL000000074,2026-07-07,CUST001820,MAT00020,SO0035,12.92,297.62,19.98,277.64
SALE0000000074,1,DEL000000075,2025-10-28,CUST000746,MAT00031,SO0036,29.53,595.27,24.91,570.36
SALE0000000074,2,DEL000000075,2025-10-28,CUST000746,MAT00019,SO0036,20.85,424.3,14.7,409.6
SALE0000000075,1,DEL000000076,2025-07-30,CUST001112,MAT00018,SO0047,23.44,546.62,32.82,513.8
SALE0000000075,2,DEL000000076,2025-07-30,CUST001112,MAT00034,SO0047,25.11,659.52,38.85,620.67
SALE0000000075,3,DEL000000076,2025-07-30,CUST001112,MAT00036,SO0047,1.15,16.27,0.45,15.82
SALE0000000076,1,DEL000000077,2025-12-23,CUST002430,MAT00032,SO0036,70.14,1664.34,117.24,1547.1
SALE0000000077,1,DEL000000078,2025-06-13,CUST000943,MAT00022,SO0029,27.77,505.87,16.35,489.52
SALE0000000078,1,DEL000000079,2026-07-03,CUST000066,MAT00021,SO0039,45.43,984.72,37.8,946.92
SALE0000000078,2,DEL000000079,2026-07-03,CUST000066,MAT00032,SO0039,27.69,723.48,47.05,676.43
SALE0000000078,3,DEL000000079,2026-07-03,CUST000066,MAT00019,SO0039,34.2,527.76,30.63,497.13
SALE0000000079,1,DEL000000080,2026-03-20,CUST000894,MAT00036,SO0020,9.14,176.5,4.3,172.2
SALE0000000079,2,DEL000000080,2026-03-20,CUST000894,MAT00027,SO0020,57.24,1597.1,94.4,1502.7
SALE0000000079,3,DEL000000080,2026-03-20,CUST000894,MAT00039,SO0020,17.06,321.75,12.48,309.27
SALE0000000079,4,DEL000000080,2026-03-20,CUST000894,MAT00030,SO0020,1.05,27.71,0.64,27.07
SALE0000000080,1,DEL000000081,2024-09-03,CUST002321,MAT00010,SO0045,234.38,6725.6,197.03,6528.57
SALE0000000081,1,DEL000000082,2026-04-18,CUST001322,MAT00007,SO0003,12.33,306.28,9.42,296.86
SALE0000000081,2,DEL000000082,2026-04-18,CUST001322,MAT00039,SO0003,0.9,24.54,1.15,23.39
SALE0000000081,3,DEL000000082,2026-04-18,CUST001322,MAT00030,SO0003,12.12,193.87,9.81,184.06
SALE0000000081,4,DEL000000082,2026-04-18,CUST001322,MAT00013,SO0003,8.56,140.5,8.85,131.65
SALE0000000082,1,DEL000000083,2024-07-07,CUST001386,MAT00028,SO0017,5.08,72.37,3.86,68.51
SALE0000000082,2,DEL000000083,2024-07-07,CUST001386,MAT00030,SO0017,6.39,112.59,5.59,107.0
SALE0000000082,3,DEL000000083,2024-07-07,CUST001386,MAT00017,SO0017,8.31,215.87,6.95,208.92
SALE0000000083,1,DEL000000084,2025-08-02,CUST000463,MAT00030,SO0020,12.6,270.76,1.21,269.55
SALE0000000083,2,DEL000000084,2025-08-02,CUST000463,MAT00024,SO0020,2.11,36.56,1.58,34.98
SALE0000000083,3,DEL000000084,2025-08-02,CUST000463,MAT00032,SO0020,38.81,960.68,29.38,931.3
SALE0000000083,4,DEL000000084,2025-08-02,CUST000463,MAT00038,SO0020,27.36,647.91,37.17,610.74
SALE0000000084,1,DEL000000085,2024-01-31,CUST001112,MAT00017,SO0047,34.35,711.5,55.49,656.01
SALE0000000084,2,DEL000000085,2024-01-31,CUST001112,MAT00002,SO0047,9.74,221.59,8.21,213.38
SALE0000000084,3,DEL000000085,2024-01-31,CUST001112,MAT00014,SO0047,6.95,124.77,4.07,120.7
SALE0000000085,1,DEL000000086,2025-10-12,CUST001760,MAT00026,SO0045,43.86,631.39,2.09,629.3
SALE0000000085,2,DEL000000086,2025-10-12,CUST001760,MAT00032,SO0045,35.67,607.43,7.41,600.02
SALE0000000086,1,DEL000000087,2026-04-23,CUST002151,MAT00004,SO0047,64.75,1530.26,85.81,1444.45
SALE0000000087,1,DEL000000089,2025-11-05,CUST001931,MAT00015,SO0048,132.6,2299.49,19.41,2280.08
SALE0000000088,1,DEL000000090,2026-03-04,CUST001612,MAT00034,SO0020,126.92,2638.1,96.57,2541.53
SALE0000000089,1,DEL000000092,2025-06-23,CUST002035,MAT00021,SO0029,71.81,1527.47,89.52,1437.95
SALE0000000089,2,DEL000000092,2025-06-23,CUST002035,MAT00038,SO0029,0.54,14.65,0.0,14.65
SALE0000000090,1,DEL000000093,2024-09-01,CUST002318,MAT00013,SO0019,65.14,1744.42,97.4,1647.02
SALE0000000090,2,DEL000000093,2024-09-01,CUST002318,MAT00034,SO0019,12.01,257.43,5.31,252.12
SALE0000000091,1,DEL000000094,2025-11-04,CUST000348,MAT00012,SO0022,25.58,538.69,9.55,529.14
SALE0000000091,2,DEL000000094,2025-11-04,CUST000348,MAT00035,SO0022,23.94,674.78,36.92,637.86
SALE0000000091,3,DEL000000094,2025-11-04,CUST000348,MAT00009,SO0022,11.01,230.67,7.95,222.72
SALE0000000092,1,DEL000000095,2026-02-08,CUST000241,MAT00003,SO0017,111.88,1880.47,77.29,1803.18
SALE0000000093,1,DEL000000096,2024-12-07,CUST001313,MAT00035,SO0009,64.68,1113.24,61.06,1052.18
SALE0000000093,2,DEL000000096,2024-12-07,CUST001313,MAT00036,SO0009,33.25,894.27,42.06,852.21
SALE0000000093,3,DEL000000096,2024-12-07,CUST001313,MAT00030,SO0009,8.5,241.93,15.52,226.41
SALE0000000093,4,DEL000000096,2024-12-07,CUST001313,MAT00018,SO0009,40.79,1027.97,50.28,977.69
SALE0000000094,1,DEL000000097,2025-10-22,CUST001668,MAT00035,SO0042,32.54,896.2,36.52,859.68
SALE0000000095,1,DEL000000098,2024-11-01,CUST000546,MAT00005,SO0005,49.52,1102.71,67.42,1035.29
SALE0000000096,1,DEL000000099,2025-01-28,CUST002311,MAT00039,SO0008,8.51,236.88,2.14,234.74
SALE0000000096,2,DEL000000099,2025-01-28,CUST002311,MAT00006,SO0008,16.93,423.11,28.37,394.74
SALE0000000096,3,DEL000000099,2025-01-28,CUST002311,MAT00034,SO0008,1.35,20.65,1.24,19.41
SALE0000000096,4,DEL000000099,2025-01-28,CUST002311,MAT00030,SO0008,96.05,1898.33,142.75,1755.58
SALE0000000097,1,DEL000000100,2024-12-31,CUST000757,MAT00005,SO0023,37.46,529.3,12.88,516.42
SALE0000000098,1,DEL000000101,2024-05-26,CUST000752,MAT00003,SO0020,12.37,197.63,6.6,191.03
SALE0000000098,2,DEL000000101,2024-05-26,CUST000752,MAT00010,SO0020,17.48,258.25,8.26,249.99
SALE0000000098,3,DEL000000101,2024-05-26,CUST000752,MAT00021,SO0020,10.91,262.32,9.42,252.9
SALE0000000099,1,DEL000000102,2025-09-21,CUST000104,MAT00007,SO0029,13.33,219.39,2.26,217.13
SALE0000000099,2,DEL000000102,2025-09-21,CUST000104,MAT00016,SO0029,5.25,76.55,4.37,72.18
SALE0000000099,3,DEL000000102,2025-09-21,CUST000104,MAT00002,SO0029,21.34,556.98,0.89,556.09
SALE0000000099,4,DEL000000102,2025-09-21,CUST000104,MAT00021,SO0029,24.26,513.67,35.8,477.87
SALE0000000100,1,DEL000000103,2024-03-24,CUST000282,MAT00008,SO0010,125.68,1810.08,7.81,1802.27
SALE0000000101,1,DEL000000104,2025-05-20,CUST000523,MAT00037,SO0040,10.21,228.7,15.01,213.69
SALE0000000101,2,DEL000000104,2025-05-20,CUST000523,MAT00007,SO0040,16.38,406.47,23.52,382.95
SALE0000000102,1,DEL000000105,2025-08-21,CUST002147,MAT00032,SO0045,27.17,571.24,40.32,530.92
SALE0000000102,2,DEL000000105,2025-08-21,CUST002147,MAT00036,SO0045,2.69,68.14,3.2,64.94
SALE0000000102,3,DEL000000105,2025-08-21,CUST002147,MAT00021,SO0045,11.75,258.86,8.38,250.48
SALE0000000102,4,DEL000000105,2025-08-21,CUST002147,MAT00026,SO0045,21.25,583.77,22.64,561.13
SALE0000000103,1,DEL000000106,2024-02-07,CUST000228,MAT00021,SO0031,21.54,347.1,27.28,319.82
SALE0000000104,1,DEL000000107,2026-01-26,CUST002078,MAT00025,SO0014,20.3,416.01,4.72,411.29
SALE0000000104,2,DEL000000107,2026-01-26,CUST002078,MAT00024,SO0014,68.97,1508.66,74.06,1434.6
SALE0000000105,1,DEL000000108,2024-05-16,CUST001760,MAT00008,SO0045,22.1,362.95,9.49,353.46
SALE0000000105,2,DEL000000108,2024-05-16,CUST001760,MAT00004,SO0045,29.64,441.33,27.04,414.29
SALE0000000105,3,DEL000000108,2024-05-16,CUST001760,MAT00018,SO0045,2.57,39.41,0.4,39.01
SALE0000000105,4,DEL000000108,2024-05-16,CUST001760,MAT00005,SO0045,24.71,370.34,4.9,365.44
SALE0000000106,1,DEL000000109,2025-05-19,CUST000448,MAT00011,SO0017,59.33,1260.67,82.82,1177.85
SALE0000000107,1,DEL000000110,2025-01-01,CUST001658,MAT00027,SO0045,56.39,901.48,26.65,874.83
SALE0000000108,1,DEL000000111,2026-01-15,CUST000236,MAT00028,SO0042,75.62,1292.72,29.41,1263.31
SALE0000000108,2,DEL000000111,2026-01-15,CUST000236,MAT00029,SO0042,6.12,171.26,6.08,165.18
SALE0000000108,3,DEL000000111,2026-01-15,CUST000236,MAT00014,SO0042,24.21,682.52,41.19,641.33
SALE0000000108,4,DEL000000111,2026-01-15,CUST000236,MAT00036,SO0042,33.52,837.95,52.72,785.23
SALE0000000109,1,DEL000000112,2025-11-14,CUST002409,MAT00003,SO0043,46.69,851.63,3.98,847.65
SALE0000000109,2,DEL000000112,2025-11-14,CUST002409,MAT00015,SO0043,6.19,95.45,0.1,95.35
SALE0000000109,3,DEL000000112,2025-11-14,CUST002409,MAT00020,SO0043,2.29,35.46,2.07,33.39
SALE0000000109,4,DEL000000112,2025-11-14,CUST002409,MAT00001,SO0043,11.58,235.87,8.31,227.56
SALE0000000110,1,DEL000000113,2024-01-22,CUST001789,MAT00002,SO0019,56.51,1538.17,12.9,1525.27
SALE0000000110,2,DEL000000113,2024-01-22,CUST001789,MAT00031,SO0019,33.69,751.6,50.44,701.16
SALE0000000111,1,DEL000000114,2025-07-12,CUST002432,MAT00028,SO0033,8.64,217.47,6.88,210.59
SALE0000000111,2,DEL000000114,2025-07-12,CUST002432,MAT00038,SO0033,23.11,395.42,2.45,392.97
SALE0000000111,3,DEL000000114,2025-07-12,CUST002432,MAT00015,SO0033,41.68,818.77,21.37,797.4
SALE0000000111,4,DEL000000114,2025-07-12,CUST002432,MAT00020,SO0033,7.94,131.86,5.45,126.41
SALE0000000112,1,DEL000000115,2025-11-09,CUST001583,MAT00009,SO0039,39.53,804.63,12.26,792.37
SALE0000000113,1,DEL000000116,2026-06-18,CUST001441,MAT00037,SO0033,57.66,1010.45,36.66,973.79
SALE0000000113,2,DEL000000116,2026-06-18,CUST001441,MAT00007,SO0033,33.14,709.45,36.59,672.86
SALE0000000114,1,DEL000000117,2026-04-10,CUST001254,MAT00001,SO0034,29.07,787.52,22.48,765.04
SALE0000000114,2,DEL000000117,2026-04-10,CUST001254,MAT00034,SO0034,22.81,507.26,23.51,483.75
SALE0000000114,3,DEL000000117,2026-04-10,CUST001254,MAT00005,SO0034,3.37,88.16,3.62,84.54
SALE0000000114,4,DEL000000117,2026-04-10,CUST001254,MAT00009,SO0034,23.59,429.32,17.66,411.66
SALE0000000115,1,DEL000000118,2025-09-05,CUST000420,MAT00012,SO0048,40.39,1152.03,80.61,1071.42
SALE0000000115,2,DEL000000118,2025-09-05,CUST000420,MAT00030,SO0048,12.88,331.01,14.87,316.14
SALE0000000115,3,DEL000000118,2025-09-05,CUST000420,MAT00015,SO0048,14.2,217.67,0.62,217.05
SALE0000000116,1,DEL000000119,2024-04-16,CUST001925,MAT00029,SO0023,4.12,92.29,4.0,88.29
SALE0000000116,2,DEL000000119,2024-04-16,CUST001925,MAT00039,SO0023,13.39,351.17,15.08,336.09
SALE0000000116,3,DEL000000119,2024-04-16,CUST001925,MAT00016,SO0023,1.2,19.6,1.34,18.26
SALE0000000117,1,DEL000000120,2025-08-28,CUST001995,MAT00014,SO0004,29.55,544.55,4.3,540.25
SALE0000000117,2,DEL000000120,2025-08-28,CUST001995,MAT00015,SO0004,36.83,1035.82,72.71,963.11
SALE0000000118,1,DEL000000121,2024-09-19,CUST002481,MAT00013,SO0036,6.36,110.03,3.04,106.99
SALE0000000118,2,DEL000000121,2024-09-19,CUST002481,MAT00009,SO0036,48.08,1311.88,11.14,1300.74
SALE0000000119,1,DEL000000122,2024-05-05,CUST001489,MAT00034,SO0022,26.78,631.12,27.79,603.33
SALE0000000119,2,DEL000000122,2024-05-05,CUST001489,MAT00035,SO0022,18.43,525.2,3.45,521.75
SALE0000000120,1,DEL000000123,2024-08-21,CUST002247,MAT00025,SO0034,36.42,944.37,46.24,898.13
SALE0000000120,2,DEL000000123,2024-08-21,CUST002247,MAT00016,SO0034,56.14,898.56,15.53,883.03
SALE0000000120,3,DEL000000123,2024-08-21,CUST002247,MAT00003,SO0034,6.42,164.05,0.3,163.75
SALE0000000121,1,DEL000000124,2025-06-20,CUST000396,MAT00005,SO0037,91.6,1530.02,37.52,1492.5
SALE0000000122,1,DEL000000125,2024-06-19,CUST001388,MAT00013,SO0029,48.49,965.66,70.36,895.3
SALE0000000122,2,DEL000000125,2024-06-19,CUST001388,MAT00038,SO0029,26.49,717.49,25.55,691.94
SALE0000000123,1,DEL000000126,2026-05-16,CUST002096,MAT00034,SO0038,9.97,190.66,6.86,183.8
SALE0000000123,2,DEL000000126,2026-05-16,CUST002096,MAT00023,SO0038,4.67,72.47,3.69,68.78
SALE0000000123,3,DEL000000126,2026-05-16,CUST002096,MAT00017,SO0038,17.96,308.98,17.97,291.01
SALE0000000123,4,DEL000000126,2026-05-16,CUST002096,MAT00038,SO0038,13.09,287.02,7.9,279.12
SALE0000000124,1,DEL000000128,2026-06-29,CUST000426,MAT00021,SO0021,25.79,541.66,32.97,508.69
SALE0000000124,2,DEL000000128,2026-06-29,CUST000426,MAT00022,SO0021,16.35,282.57,15.04,267.53
SALE0000000124,3,DEL000000128,2026-06-29,CUST000426,MAT00008,SO0021,19.09,386.05,12.69,373.36
SALE0000000125,1,DEL000000129,2024-01-03,CUST000053,MAT00039,SO0010,106.84,1574.2,9.77,1564.43
SALE0000000125,2,DEL000000129,2024-01-03,CUST000053,MAT00024,SO0010,2.01,37.23,0.18,37.05
SALE0000000126,1,DEL000000130,2025-09-30,CUST001398,MAT00028,SO0020,45.18,884.28,50.57,833.71
SALE0000000126,2,DEL000000130,2025-09-30,CUST001398,MAT00012,SO0020,84.8,1220.85,6.77,1214.08
SALE0000000127,1,DEL000000131,2025-04-17,CUST000569,MAT00039,SO0007,1.51,21.36,0.78,20.58
SALE0000000127,2,DEL000000131,2025-04-17,CUST000569,MAT00011,SO0007,23.06,514.95,27.3,487.65
SALE0000000127,3,DEL000000131,2025-04-17,CUST000569,MAT00021,SO0007,3.28,46.47,0.65,45.82
SALE0000000127,4,DEL000000131,2025-04-17,CUST000569,MAT00031,SO0007,19.42,496.28,13.49,482.79
SALE0000000128,1,DEL000000132,2026-07-05,CUST001702,MAT00012,SO0039,64.36,906.02,55.55,850.47
SALE0000000128,2,DEL000000132,2026-07-05,CUST001702,MAT00031,SO0039,4.73,105.96,7.45,98.51
SALE0000000129,1,DEL000000133,2025-04-14,CUST000065,MAT00010,SO0044,3.47,70.19,3.86,66.33
SALE0000000129,2,DEL000000133,2025-04-14,CUST000065,MAT00033,SO0044,3.65,72.37,4.39,67.98
SALE0000000129,3,DEL000000133,2025-04-14,CUST000065,MAT00037,SO0044,18.4,356.47,14.87,341.6
SALE0000000129,4,DEL000000133,2025-04-14,CUST000065,MAT00029,SO0044,0.22,5.51,0.25,5.26
SALE0000000130,1,DEL000000134,2024-02-11,CUST001333,MAT00013,SO0009,40.15,1041.19,56.12,985.07
SALE0000000130,2,DEL000000134,2024-02-11,CUST001333,MAT00038,SO0009,46.98,917.92,55.36,862.56
SALE0000000130,3,DEL000000134,2024-02-11,CUST001333,MAT00018,SO0009,0.87,14.5,0.03,14.47
SALE0000000131,1,DEL000000135,2024-03-06,CUST001529,MAT00033,SO0025,17.09,341.49,24.84,316.65
SALE0000000131,2,DEL000000135,2024-03-06,CUST001529,MAT00022,SO0025,36.3,695.66,37.12,658.54
SALE0000000132,1,DEL000000136,2025-01-15,CUST000920,MAT00025,SO0013,71.32,1537.38,53.86,1483.52
SALE0000000132,2,DEL000000136,2025-01-15,CUST000920,MAT00006,SO0013,11.12,254.99,4.14,250.85
SALE0000000132,3,DEL000000136,2025-01-15,CUST000920,MAT00013,SO0013,6.88,111.93,4.99,106.94
SALE0000000133,1,DEL000000137,2026-03-19,CUST000996,MAT00035,SO0018,2.01,47.93,1.08,46.85
SALE0000000133,2,DEL000000137,2026-03-19,CUST000996,MAT00021,SO0018,2.19,60.95,1.82,59.13
SALE0000000133,3,DEL000000137,2026-03-19,CUST000996,MAT00008,SO0018,25.19,706.08,50.07,656.01
SALE0000000133,4,DEL000000137,2026-03-19,CUST000996,MAT00034,SO0018,32.05,538.04,28.81,509.23
SALE0000000134,1,DEL000000138,2025-06-26,CUST000371,MAT00005,SO0005,59.19,1190.12,32.3,1157.82
SALE0000000134,2,DEL000000138,2025-06-26,CUST000371,MAT00001,SO0005,9.19,194.48,11.91,182.57
SALE0000000135,1,DEL000000139,2026-06-23,CUST002347,MAT00030,SO0030,0.12,3.44,0.27,3.17
SALE0000000135,2,DEL000000139,2026-06-23,CUST002347,MAT00037,SO0030,89.2,1255.33,41.92,1213.41
SALE0000000136,1,DEL000000140,2024-10-12,CUST001922,MAT00033,SO0003,35.48,633.6,22.57,611.03
SALE0000000137,1,DEL000000142,2025-02-18,CUST000795,MAT00006,SO0003,2.57,66.67,4.25,62.42
SALE0000000137,2,DEL000000142,2025-02-18,CUST000795,MAT00026,SO0003,13.54,259.15,1.88,257.27
SALE0000000137,3,DEL000000142,2025-02-18,CUST000795,MAT00020,SO0003,12.08,176.9,8.0,168.9
SALE0000000137,4,DEL000000142,2025-02-18,CUST000795,MAT00019,SO0003,9.11,236.76,1.36,235.4
SALE0000000138,1,DEL000000143,2024-11-02,CUST002270,MAT00038,SO0034,59.9,1275.45,85.54,1189.91
SALE0000000138,2,DEL000000143,2024-11-02,CUST002270,MAT00009,SO0034,24.11,346.45,1.83,344.62
SALE0000000139,1,DEL000000144,2024-07-07,CUST000943,MAT00021,SO0029,34.31,529.42,9.71,519.71
SALE0000000140,1,DEL000000145,2025-02-23,CUST001486,MAT00017,SO0011,66.81,1281.04,6.7,1274.34
SALE0000000141,1,DEL000000146,2024-10-17,CUST002252,MAT00028,SO0030,106.32,1815.76,107.88,1707.88
SALE0000000141,2,DEL000000146,2024-10-17,CUST002252,MAT00010,SO0030,13.65,287.65,1.61,286.04
SALE0000000142,1,DEL000000147,2024-04-22,CUST002018,MAT00032,SO0012,20.76,494.02,27.63,466.39
SALE0000000142,2,DEL000000147,2024-04-22,CUST002018,MAT00013,SO0012,40.66,609.85,27.84,582.01
SALE0000000143,1,DEL000000148,2024-10-01,CUST001413,MAT00004,SO0021,20.06,503.59,0.42,503.17
SALE0000000143,2,DEL000000148,2024-10-01,CUST001413,MAT00010,SO0021,10.7,262.18,1.3,260.88
SALE0000000143,3,DEL000000148,2024-10-01,CUST001413,MAT00017,SO0021,43.42,894.96,26.14,868.82
SALE0000000144,1,DEL000000149,2025-10-19,CUST000690,MAT00006,SO0038,4.41,72.6,2.66,69.94
SALE0000000144,2,DEL000000149,2025-10-19,CUST000690,MAT00032,SO0038,23.43,497.2,35.47,461.73
SALE0000000145,1,DEL000000150,2024-08-05,CUST001970,MAT00004,SO0021,21.33,469.23,15.99,453.24
SALE0000000145,2,DEL000000150,2024-08-05,CUST001970,MAT00005,SO0021,22.35,429.22,24.62,404.6
SALE0000000145,3,DEL000000150,2024-08-05,CUST001970,MAT00031,SO0021,38.13,1033.81,21.81,1012.0
SALE0000000146,1,DEL000000151,2024-04-14,CUST002350,MAT00010,SO0008,17.98,339.7,14.57,325.13
SALE0000000146,2,DEL000000151,2024-04-14,CUST002350,MAT00035,SO0008,44.8,684.19,24.92,659.27
SALE0000000146,3,DEL000000151,2024-04-14,CUST002350,MAT00016,SO0008,22.91,422.08,25.13,396.95
SALE0000000146,4,DEL000000151,2024-04-14,CUST002350,MAT00006,SO0008,12.64,240.67,3.99,236.68
SALE0000000147,1,DEL000000152,2026-05-13,CUST001435,MAT00006,SO0034,95.71,2341.67,124.16,2217.51
SALE0000000147,2,DEL000000152,2026-05-13,CUST001435,MAT00032,SO0034,2.38,60.12,2.85,57.27
SALE0000000147,3,DEL000000152,2026-05-13,CUST001435,MAT00003,SO0034,5.03,102.5,1.01,101.49
SALE0000000148,1,DEL000000153,2026-03-19,CUST002472,MAT00028,SO0003,11.75,288.04,5.44,282.6
SALE0000000148,2,DEL000000153,2026-03-19,CUST002472,MAT00032,SO0003,56.8,1052.22,9.74,1042.48
SALE0000000149,1,DEL000000154,2025-06-13,CUST000485,MAT00003,SO0011,6.96,185.28,12.98,172.3
SALE0000000149,2,DEL000000154,2025-06-13,CUST000485,MAT00013,SO0011,42.56,727.23,56.17,671.06
SALE0000000150,1,DEL000000155,2026-01-29,CUST001173,MAT00006,SO0020,8.53,186.33,12.89,173.44
SALE0000000150,2,DEL000000155,2026-01-29,CUST001173,MAT00010,SO0020,14.81,418.59,11.51,407.08
SALE0000000150,3,DEL000000155,2026-01-29,CUST001173,MAT00035,SO0020,35.8,587.66,24.66,563.0
SALE0000000151,1,DEL000000156,2024-05-11,CUST000425,MAT00033,SO0008,20.4,351.96,9.2,342.76
SALE0000000151,2,DEL000000156,2024-05-11,CUST000425,MAT00017,SO0008,56.37,1210.2,84.12,1126.08
SALE0000000151,3,DEL000000156,2024-05-11,CUST000425,MAT00028,SO0008,20.21,485.76,2.26,483.5
SALE0000000151,4,DEL000000156,2024-05-11,CUST000425,MAT00004,SO0008,13.41,356.27,26.01,330.26
SALE0000000152,1,DEL000000157,2025-05-07,CUST001759,MAT00010,SO0001,4.35,99.15,5.99,93.16
SALE0000000152,2,DEL000000157,2025-05-07,CUST001759,MAT00019,SO0001,0.71,16.61,0.25,16.36
SALE0000000152,3,DEL000000157,2025-05-07,CUST001759,MAT00012,SO0001,32.54,854.63,39.77,814.86
SALE0000000153,1,DEL000000158,2024-02-01,CUST001497,MAT00009,SO0039,1.31,27.37,1.57,25.8
SALE0000000153,2,DEL000000158,2024-02-01,CUST001497,MAT00036,SO0039,42.87,757.72,31.73,725.99
SALE0000000153,3,DEL000000158,2024-02-01,CUST001497,MAT00035,SO0039,7.09,172.0,1.6,170.4
SALE0000000153,4,DEL000000158,2024-02-01,CUST001497,MAT00006,SO0039,8.45,178.16,4.68,173.48
SALE0000000154,1,DEL000000159,2025-03-26,CUST001108,MAT00036,SO0030,40.96,1050.23,32.22,1018.01
SALE0000000154,2,DEL000000159,2025-03-26,CUST001108,MAT00021,SO0030,10.04,272.45,18.69,253.76
SALE0000000154,3,DEL000000159,2025-03-26,CUST001108,MAT00018,SO0030,12.06,264.46,14.27,250.19
SALE0000000154,4,DEL000000159,2025-03-26,CUST001108,MAT00039,SO0030,9.77,218.44,4.07,214.37
SALE0000000155,1,DEL000000160,2024-07-27,CUST001979,MAT00027,SO0016,1.77,48.78,1.78,47.0
SALE0000000155,2,DEL000000160,2024-07-27,CUST001979,MAT00038,SO0016,19.97,324.67,16.03,308.64
SALE0000000155,3,DEL000000160,2024-07-27,CUST001979,MAT00009,SO0016,4.26,94.6,6.19,88.41
SALE0000000156,1,DEL000000161,2025-12-27,CUST000502,MAT00035,SO0012,41.11,587.58,21.14,566.44
SALE0000000156,2,DEL000000161,2025-12-27,CUST000502,MAT00038,SO0012,4.76,125.79,0.07,125.72
SALE0000000156,3,DEL000000161,2025-12-27,CUST000502,MAT00031,SO0012,62.25,1270.48,20.43,1250.05
SALE0000000157,1,DEL000000162,2025-02-18,CUST000083,MAT00034,SO0010,13.24,294.63,5.79,288.84
SALE0000000157,2,DEL000000162,2025-02-18,CUST000083,MAT00004,SO0010,9.5,249.35,10.82,238.53
SALE0000000157,3,DEL000000162,2025-02-18,CUST000083,MAT00032,SO0010,65.12,1636.88,18.47,1618.41
SALE0000000158,1,DEL000000163,2025-08-21,CUST000155,MAT00018,SO0004,82.04,1315.32,56.4,1258.92
SALE0000000158,2,DEL000000163,2025-08-21,CUST000155,MAT00005,SO0004,9.18,245.31,17.93,227.38
SALE0000000159,1,DEL000000164,2025-04-25,CUST000792,MAT00039,SO0044,28.07,477.05,34.09,442.96
SALE0000000159,2,DEL000000164,2025-04-25,CUST000792,MAT00035,SO0044,28.1,659.1,2.17,656.93
SALE0000000160,1,DEL000000165,2024-07-25,CUST000249,MAT00011,SO0003,20.75,541.55,38.06,503.49
SALE0000000160,2,DEL000000165,2024-07-25,CUST000249,MAT00031,SO0003,1.04,20.54,0.97,19.57
SALE0000000160,3,DEL000000165,2024-07-25,CUST000249,MAT00032,SO0003,12.42,274.29,20.32,253.97
SALE0000000160,4,DEL000000165,2024-07-25,CUST000249,MAT00020,SO0003,36.06,527.25,22.25,505.0
SALE0000000161,1,DEL000000166,2026-02-24,CUST002479,MAT00026,SO0025,64.66,1171.89,27.75,1144.14
SALE0000000162,1,DEL000000167,2024-07-03,CUST001220,MAT00005,SO0019,5.93,151.3,5.23,146.07
SALE0000000162,2,DEL000000167,2024-07-03,CUST001220,MAT00023,SO0019,18.93,311.48,13.52,297.96
SALE0000000162,3,DEL000000167,2024-07-03,CUST001220,MAT00016,SO0019,41.21,970.39,47.75,922.64
SALE0000000163,1,DEL000000168,2025-03-30,CUST001886,MAT00032,SO0022,16.13,395.9,24.64,371.26
SALE0000000163,2,DEL000000168,2025-03-30,CUST001886,MAT00013,SO0022,18.93,459.25,23.07,436.18
SALE0000000163,3,DEL000000168,2025-03-30,CUST001886,MAT00016,SO0022,66.13,1421.74,86.24,1335.5
SALE0000000163,4,DEL000000168,2025-03-30,CUST001886,MAT00026,SO0022,36.82,807.56,0.74,806.82
SALE0000000164,1,DEL000000169,2025-06-22,CUST000301,MAT00009,SO0040,140.6,2539.33,144.3,2395.03
SALE0000000165,1,DEL000000170,2024-05-12,CUST001839,MAT00031,SO0047,241.87,6194.26,396.31,5797.95
SALE0000000166,1,DEL000000171,2025-08-15,CUST002036,MAT00027,SO0017,2.18,44.29,1.34,42.95
SALE0000000166,2,DEL000000171,2025-08-15,CUST002036,MAT00037,SO0017,37.51,913.34,37.84,875.5
SALE0000000166,3,DEL000000171,2025-08-15,CUST002036,MAT00033,SO0017,1.72,35.36,0.57,34.79
SALE0000000166,4,DEL000000171,2025-08-15,CUST002036,MAT00039,SO0017,1.72,25.21,0.81,24.4
SALE0000000167,1,DEL000000172,2024-01-02,CUST002270,MAT00020,SO0034,24.69,694.91,20.74,674.17
SALE0000000167,2,DEL000000172,2024-01-02,CUST002270,MAT00004,SO0034,127.13,3218.06,130.16,3087.9
SALE0000000168,1,DEL000000173,2025-02-20,CUST000722,MAT00029,SO0040,78.36,1787.38,11.74,1775.64
SALE0000000169,1,DEL000000174,2024-05-24,CUST000074,MAT00002,SO0008,90.08,1948.92,20.19,1928.73
SALE0000000170,1,DEL000000175,2024-03-15,CUST001168,MAT00012,SO0040,67.25,1101.86,60.03,1041.83
SALE0000000171,1,DEL000000176,2025-05-29,CUST001664,MAT00033,SO0023,5.65,142.42,4.62,137.8
SALE0000000171,2,DEL000000176,2025-05-29,CUST001664,MAT00022,SO0023,3.09,55.45,2.08,53.37
SALE0000000171,3,DEL000000176,2025-05-29,CUST001664,MAT00017,SO0023,46.39,694.43,47.93,646.5
SALE0000000171,4,DEL000000176,2025-05-29,CUST001664,MAT00037,SO0023,9.77,226.76,10.86,215.9
SALE0000000172,1,DEL000000177,2026-05-06,CUST000588,MAT00011,SO0045,13.08,270.3,14.35,255.95
SALE0000000172,2,DEL000000177,2026-05-06,CUST000588,MAT00034,SO0045,68.08,1841.99,5.69,1836.3
SALE0000000173,1,DEL000000178,2025-11-01,CUST001547,MAT00030,SO0020,40.96,600.3,1.1,599.2
SALE0000000173,2,DEL000000178,2025-11-01,CUST001547,MAT00033,SO0020,17.91,372.34,29.52,342.82
SALE0000000173,3,DEL000000178,2025-11-01,CUST001547,MAT00011,SO0020,0.76,21.34,1.51,19.83
SALE0000000173,4,DEL000000178,2025-11-01,CUST001547,MAT00035,SO0020,6.58,145.39,3.98,141.41
SALE0000000174,1,DEL000000179,2024-04-22,CUST000981,MAT00030,SO0044,114.97,2568.84,18.47,2550.37
SALE0000000174,2,DEL000000179,2024-04-22,CUST000981,MAT00036,SO0044,4.37,68.66,1.31,67.35
SALE0000000175,1,DEL000000180,2024-06-25,CUST000804,MAT00011,SO0012,36.72,1034.85,56.44,978.41
SALE0000000175,2,DEL000000180,2024-06-25,CUST000804,MAT00026,SO0012,96.7,2237.91,99.4,2138.51
SALE0000000176,1,DEL000000181,2024-08-08,CUST000284,MAT00014,SO0031,19.6,371.11,20.85,350.26
SALE0000000176,2,DEL000000181,2024-08-08,CUST000284,MAT00021,SO0031,0.11,2.07,0.01,2.06
SALE0000000176,3,DEL000000181,2024-08-08,CUST000284,MAT00019,SO0031,17.39,399.73,10.56,389.17
SALE0000000177,1,DEL000000182,2025-04-15,CUST001499,MAT00037,SO0041,2.19,54.25,2.78,51.47
SALE0000000177,2,DEL000000182,2025-04-15,CUST001499,MAT00028,SO0041,13.69,295.48,9.32,286.16
SALE0000000177,3,DEL000000182,2025-04-15,CUST001499,MAT00018,SO0041,6.56,174.93,3.42,171.51
SALE0000000177,4,DEL000000182,2025-04-15,CUST001499,MAT00016,SO0041,49.41,876.13,69.42,806.71
SALE0000000178,1,DEL000000183,2026-03-31,CUST000192,MAT00019,SO0048,10.61,204.87,1.3,203.57
SALE0000000178,2,DEL000000183,2026-03-31,CUST000192,MAT00034,SO0048,13.01,182.22,10.59,171.63
SALE0000000178,3,DEL000000183,2026-03-31,CUST000192,MAT00024,SO0048,24.56,587.09,9.76,577.33
SALE0000000178,4,DEL000000183,2026-03-31,CUST000192,MAT00033,SO0048,3.66,74.01,1.19,72.82
SALE0000000179,1,DEL000000184,2025-10-06,CUST002182,MAT00035,SO0014,19.99,328.55,20.56,307.99
SALE0000000180,1,DEL000000185,2026-02-11,CUST000834,MAT00018,SO0010,65.02,1864.19,80.86,1783.33
SALE0000000181,1,DEL000000186,2025-01-12,CUST001727,MAT00034,SO0041,62.37,1273.76,93.62,1180.14
SALE0000000182,1,DEL000000188,2024-12-27,CUST000224,MAT00024,SO0027,88.95,1845.61,76.64,1768.97
SALE0000000182,2,DEL000000188,2024-12-27,CUST000224,MAT00027,SO0027,29.35,565.7,11.19,554.51
SALE0000000182,3,DEL000000188,2024-12-27,CUST000224,MAT00020,SO0027,2.99,77.67,1.61,76.06
SALE0000000182,4,DEL000000188,2024-12-27,CUST000224,MAT00004,SO0027,18.3,510.04,1.1,508.94
SALE0000000183,1,DEL000000189,2026-02-19,CUST002342,MAT00030,SO0029,87.85,1381.48,70.56,1310.92
SALE0000000184,1,DEL000000190,2025-04-08,CUST000447,MAT00039,SO0012,42.62,1031.42,29.56,1001.86
SALE0000000184,2,DEL000000190,2025-04-08,CUST000447,MAT00030,SO0012,4.22,103.14,3.78,99.36
SALE0000000184,3,DEL000000190,2025-04-08,CUST000447,MAT00007,SO0012,1.64,38.53,0.64,37.89
SALE0000000184,4,DEL000000190,2025-04-08,CUST000447,MAT00017,SO0012,9.44,234.26,2.9,231.36
SALE0000000185,1,DEL000000191,2025-11-18,CUST001242,MAT00030,SO0006,5.73,149.91,6.95,142.96
SALE0000000185,2,DEL000000191,2025-11-18,CUST001242,MAT00001,SO0006,5.89,123.55,2.03,121.52
SALE0000000185,3,DEL000000191,2025-11-18,CUST001242,MAT00036,SO0006,43.82,730.91,16.79,714.12
SALE0000000185,4,DEL000000191,2025-11-18,CUST001242,MAT00002,SO0006,6.93,110.5,6.04,104.46
SALE0000000186,1,DEL000000192,2025-01-02,CUST001206,MAT00009,SO0013,32.18,907.69,62.78,844.91
SALE0000000186,2,DEL000000192,2025-01-02,CUST001206,MAT00008,SO0013,1.44,25.78,0.19,25.59
SALE0000000186,3,DEL000000192,2025-01-02,CUST001206,MAT00001,SO0013,20.52,421.5,7.68,413.82
SALE0000000186,4,DEL000000192,2025-01-02,CUST001206,MAT00015,SO0013,39.54,566.05,10.23,555.82
SALE0000000187,1,DEL000000193,2025-11-07,CUST000453,MAT00038,SO0010,37.83,983.05,72.58,910.47
SALE0000000187,2,DEL000000193,2025-11-07,CUST000453,MAT00034,SO0010,97.97,1946.77,81.85,1864.92
SALE0000000188,1,DEL000000194,2024-02-19,CUST000857,MAT00009,SO0030,1.77,26.89,1.66,25.23
SALE0000000188,2,DEL000000194,2024-02-19,CUST000857,MAT00008,SO0030,39.31,1071.76,69.14,1002.62
SALE0000000188,3,DEL000000194,2024-02-19,CUST000857,MAT00012,SO0030,22.93,326.71,0.62,326.09
SALE0000000189,1,DEL000000195,2025-05-24,CUST002112,MAT00008,SO0003,30.86,834.92,14.6,820.32
SALE0000000189,2,DEL000000195,2025-05-24,CUST002112,MAT00029,SO0003,9.72,204.42,3.67,200.75
SALE0000000190,1,DEL000000196,2025-09-08,CUST000283,MAT00002,SO0003,68.25,1496.39,28.6,1467.79
SALE0000000190,2,DEL000000196,2025-09-08,CUST000283,MAT00032,SO0003,84.95,1749.04,47.37,1701.67
SALE0000000191,1,DEL000000198,2024-12-03,CUST001345,MAT00017,SO0018,2.53,58.13,0.14,57.99
SALE0000000191,2,DEL000000198,2024-12-03,CUST001345,MAT00037,SO0018,78.57,1127.37,82.77,1044.6
SALE0000000192,1,DEL000000199,2024-02-25,CUST000392,MAT00013,SO0018,128.26,1884.93,81.23,1803.7
SALE0000000192,2,DEL000000199,2024-02-25,CUST000392,MAT00025,SO0018,2.19,54.62,4.36,50.26
SALE0000000193,1,DEL000000200,2025-10-19,CUST002323,MAT00037,SO0001,112.88,2652.4,50.6,2601.8
SALE0000000193,2,DEL000000200,2025-10-19,CUST002323,MAT00003,SO0001,61.28,1159.63,79.22,1080.41
SALE0000000194,1,DEL000000201,2024-08-30,CUST000746,MAT00014,SO0036,9.94,223.96,11.46,212.5
SALE0000000194,2,DEL000000201,2024-08-30,CUST000746,MAT00032,SO0036,38.12,554.03,0.8,553.23
SALE0000000194,3,DEL000000201,2024-08-30,CUST000746,MAT00037,SO0036,27.85,620.95,40.03,580.92
SALE0000000194,4,DEL000000201,2024-08-30,CUST000746,MAT00038,SO0036,9.62,272.31,11.16,261.15
SALE0000000195,1,DEL000000202,2025-12-16,CUST000616,MAT00035,SO0037,44.48,1101.59,36.95,1064.64
SALE0000000196,1,DEL000000203,2026-07-23,CUST001062,MAT00009,SO0040,144.08,2096.38,0.9,2095.48
SALE0000000197,1,DEL000000204,2026-06-09,CUST001482,MAT00036,SO0002,68.39,1009.92,25.24,984.68
SALE0000000198,1,DEL000000205,2024-07-23,CUST000154,MAT00011,SO0004,2.17,54.6,3.32,51.28
SALE0000000198,2,DEL000000205,2024-07-23,CUST000154,MAT00029,SO0004,29.66,751.85,57.25,694.6
SALE0000000198,3,DEL000000205,2024-07-23,CUST000154,MAT00016,SO0004,6.34,161.33,4.39,156.94
SALE0000000198,4,DEL000000205,2024-07-23,CUST000154,MAT00015,SO0004,13.71,193.6,3.75,189.85
SALE0000000199,1,DEL000000206,2026-02-18,CUST001753,MAT00018,SO0046,62.64,906.94,36.57,870.37
SALE0000000199,2,DEL000000206,2026-02-18,CUST001753,MAT00020,SO0046,5.52,97.12,4.81,92.31
SALE0000000199,3,DEL000000206,2026-02-18,CUST001753,MAT00016,SO0046,38.31,806.37,39.19,767.18
SALE0000000199,4,DEL000000206,2026-02-18,CUST001753,MAT00024,SO0046,20.1,296.94,6.76,290.18
SALE0000000200,1,DEL000000207,2025-03-05,CUST000747,MAT00005,SO0022,17.81,422.02,32.31,389.71
SALE0000000201,1,DEL000000208,2026-07-01,CUST002117,MAT00035,SO0006,69.3,1080.02,34.9,1045.12
SALE0000000202,1,DEL000000209,2025-06-13,CUST002205,MAT00037,SO0020,5.02,88.05,1.23,86.82
SALE0000000202,2,DEL000000209,2025-06-13,CUST002205,MAT00038,SO0020,18.39,320.51,7.19,313.32
SALE0000000202,3,DEL000000209,2025-06-13,CUST002205,MAT00002,SO0020,29.85,726.26,14.72,711.54
SALE0000000203,1,DEL000000210,2024-06-07,CUST000414,MAT00011,SO0015,96.51,1889.94,136.3,1753.64
