recommendation_id,recommendation_date,customer_id,sales_organization_id,frequency_rule_id,rolling_4_week_cases,average_weekly_cases,current_weekly_frequency,recommended_weekly_frequency,weekly_frequency_change,estimated_weekly_stops_saved,estimated_annual_stops_saved,estimated_annual_miles_saved,estimated_annual_driver_hours_saved,estimated_annual_fuel_saved,estimated_annual_cost_saved,estimated_annual_co2_saved,recommendation_status,implementation_status,review_required_flag,approved_flag
REC0000001,2026-08-01,CUST000001,SO0041,FR010,53.72,13.43,3,1,-2,2,104,644.8,39.52,78.63,7696,802.81,Generated,Pending Review,True,False
REC0000002,2026-08-01,CUST000002,SO0002,FR004,0.0,0.0,5,1,-4,4,208,1289.6,79.04,157.27,15392,1605.73,Generated,Pending Review,True,False
REC0000003,2026-08-01,CUST000003,SO0016,FR004,53.48,13.37,3,1,-2,2,104,644.8,39.52,78.63,7696,802.81,Generated,Pending Review,True,False
REC0000004,2026-08-01,CUST000004,SO0009,FR007,0.0,0.0,4,1,-3,3,156,967.2,59.28,117.95,11544,1204.27,Generated,Pending Review,True,False
REC0000005,2026-08-01,CUST000005,SO0044,FR007,179.56,44.89,1,1,0,0,0,0.0,0.0,0.0,0,0.0,Generated,Pending Review,True,False
REC0000006,2026-08-01,CUST000006,SO0006,FR010,0.0,0.0,2,1,-1,1,52,322.4,19.76,39.32,3848,401.46,Generated,Pending Review,True,False
REC0000007,2026-08-01,CUST000007,SO0028,FR010,205.29,51.32,2,1,-1,1,52,322.4,19.76,39.32,3848,401.46,Generated,Pending Review,True,False
REC0000008,2026-08-01,CUST000008,SO0002,FR004,0.0,0.0,3,1,-2,2,104,644.8,39.52,78.63,7696,802.81,Generated,Pending Review,True,False
REC0000009,2026-08-01,CUST000009,SO0014,FR004,144.28,36.07,2,1,-1,1,52,322.4,19.76,39.32,3848,401.46,Generated,Pending Review,True,False
REC0000010,2026-08-01,CUST000010,SO0033,FR004,70.75,17.69,3,1,-2,2,104,644.8,39.52,78.63,7696,802.81,Generated,Pending Review,True,False
REC0000011,2026-08-01,CUST000011,SO0002,FR007,0.0,0.0,4,1,-3,3,156,967.2,59.28,117.95,11544,1204.27,Generated,Pending Review,True,False
REC0000012,2026-08-01,CUST000012,SO0013,FR010,27.3,6.82,4,1,-3,3,156,967.2,59.28,117.95,11544,1204.27,Generated,Pending Review,True,False
REC0000013,2026-08-01,CUST000013,SO0027,FR007,51.77,12.94,1,1,0,0,0,0.0,0.0,0.0,0,0.0,Generated,Pending Review,True,False
REC0000014,2026-08-01,CUST000014,SO0029,FR010,0.0,0.0,3,1,-2,2,104,644.8,39.52,78.63,7696,802.81,Generated,Pending Review,True,False
REC0000015,2026-08-01,CUST000015,SO0018,FR008,246.11,61.53,3,2,-1,1,52,322.4,19.76,39.32,3848,401.46,Generated,Pending Review,True,False
REC0000016,2026-08-01,CUST000016,SO0011,FR007,0.0,0.0,3,1,-2,2,104,644.8,39.52,78.63,7696,802.81,Generated,Pending Review,True,False
REC0000017,2026-08-01,CUST000017,SO0022,FR007,0.0,0.0,3,1,-2,2,104,644.8,39.52,78.63,7696,802.81,Generated,Pending Review,True,False
REC0000018,2026-08-01,CUST000018,SO0010,FR001,260.55,65.14,3,2,-1,1,52,322.4,19.76,39.32,3848,401.46,Generated,Pending Review,True,False
REC0000019,2026-08-01,CUST000019,SO0022,FR010,100.73,25.18,2,1,-1,1,52,322.4,19.76,39.32,3848,401.46,Generated,Pending Review,True,False
REC0000020,2026-08-01,CUST000020,SO0006,FR004,182.51,45.63,3,1,-2,2,104,644.8,39.52,78.63,7696,802.81,Generated,Pending Review,True,False
REC0000021,2026-08-01,CUST000021,SO0007,FR007,179.35,44.84,3,1,-2,2,104,644.8,39.52,78.63,7696,802.81,Generated,Pending Review,True,False
REC0000022,2026-08-01,CUST000022,SO0023,FR001,134.74,33.68,1,2,1,0,0,0.0,0.0,0.0,0,0.0,Generated,Pending Review,True,False
REC0000023,2026-08-01,CUST000023,SO0017,FR004,156.17000000000002,39.04,3,1,-2,2,104,644.8,39.52,78.63,7696,802.81,Generated,Pending Review,True,False
REC0000024,2026-08-01,CUST000024,SO0047,FR007,0.0,0.0,3,1,-2,2,104,644.8,39.52,78.63,7696,802.81,Generated,Pending Review,True,False
REC0000025,2026-08-01,CUST000025,SO0035,FR004,0.0,0.0,1,1,0,0,0,0.0,0.0,0.0,0,0.0,Generated,Pending Review,True,False
REC0000026,2026-08-01,CUST000026,SO0025,FR010,80.75,20.19,3,1,-2,2,104,644.8,39.52,78.63,7696,802.81,Generated,Pending Review,True,False
REC0000027,2026-08-01,CUST000027,SO0036,FR011,309.65,77.41,4,2,-2,2,104,644.8,39.52,78.63,7696,802.81,Generated,Pending Review,True,False
REC0000028,2026-08-01,CUST000028,SO0041,FR004,158.02,39.51,5,1,-4,4,208,1289.6,79.04,157.27,15392,1605.73,Generated,Pending Review,True,False
REC0000029,2026-08-01,CUST000029,SO0024,FR004,0.0,0.0,3,1,-2,2,104,644.8,39.52,78.63,7696,802.81,Generated,Pending Review,True,False
REC0000030,2026-08-01,CUST000030,SO0013,FR010,0.0,0.0,4,1,-3,3,156,967.2,59.28,117.95,11544,1204.27,Generated,Pending Review,True,False
REC0000031,2026-08-01,CUST000031,SO0003,FR008,295.26,73.82,3,2,-1,1,52,322.4,19.76,39.32,3848,401.46,Generated,Pending Review,True,False
REC0000032,2026-08-01,CUST000032,SO0019,FR001,0.0,0.0,3,2,-1,1,52,322.4,19.76,39.32,3848,401.46,Generated,Pending Review,True,False
REC0000033,2026-08-01,CUST000033,SO0015,FR004,74.41,18.6,3,1,-2,2,104,644.8,39.52,78.63,7696,802.81,Generated,Pending Review,True,False
REC0000034,2026-08-01,CUST000034,SO0025,FR007,0.0,0.0,2,1,-1,1,52,322.4,19.76,39.32,3848,401.46,Generated,Pending Review,True,False
REC0000035,2026-08-01,CUST000035,SO0030,FR013,0.0,0.0,3,1,-2,2,104,644.8,39.52,78.63,7696,802.81,Generated,Pending Review,True,False
REC0000036,2026-08-01,CUST000036,SO0011,FR007,157.24,39.31,3,1,-2,2,104,644.8,39.52,78.63,7696,802.81,Generated,Pending Review,True,False
REC0000037,2026-08-01,CUST000037,SO0023,FR007,123.62,30.9,2,1,-1,1,52,322.4,19.76,39.32,3848,401.46,Generated,Pending Review,True,False
REC0000038,2026-08-01,CUST000038,SO0043,FR008,208.75,52.19,1,2,1,0,0,0.0,0.0,0.0,0,0.0,Generated,Pending Review,True,False
REC0000039,2026-08-01,CUST000039,SO0045,FR004,21.24,5.31,3,1,-2,2,104,644.8,39.52,78.63,7696,802.81,Generated,Pending Review,True,False
REC0000040,2026-08-01,CUST000040,SO0039,FR004,271.76,67.94,3,1,-2,2,104,644.8,39.52,78.63,7696,802.81,Generated,Pending Review,True,False
REC0000041,2026-08-01,CUST000041,SO0035,FR004,98.76,24.69,5,1,-4,4,208,1289.6,79.04,157.27,15392,1605.73,Generated,Pending Review,True,False
REC0000042,2026-08-01,CUST000042,SO0011,FR007,0.0,0.0,2,1,-1,1,52,322.4,19.76,39.32,3848,401.46,Generated,Pending Review,True,False
REC0000043,2026-08-01,CUST000043,SO0025,FR004,0.0,0.0,5,1,-4,4,208,1289.6,79.04,157.27,15392,1605.73,Generated,Pending Review,True,False
REC0000044,2026-08-01,CUST000044,SO0041,FR004,0.0,0.0,5,1,-4,4,208,1289.6,79.04,157.27,15392,1605.73,Generated,Pending Review,True,False
REC0000045,2026-08-01,CUST000045,SO0015,FR007,156.3,39.08,5,1,-4,4,208,1289.6,79.04,157.27,15392,1605.73,Generated,Pending Review,True,False
REC0000046,2026-08-01,CUST000046,SO0004,FR010,42.870000000000005,10.72,4,1,-3,3,156,967.2,59.28,117.95,11544,1204.27,Generated,Pending Review,True,False
REC0000047,2026-08-01,CUST000047,SO0003,FR010,0.0,0.0,3,1,-2,2,104,644.8,39.52,78.63,7696,802.81,Generated,Pending Review,True,False
REC0000048,2026-08-01,CUST000048,SO0026,FR007,0.0,0.0,2,1,-1,1,52,322.4,19.76,39.32,3848,401.46,Generated,Pending Review,True,False
REC0000049,2026-08-01,CUST000049,SO0005,FR004,86.2,21.55,4,1,-3,3,156,967.2,59.28,117.95,11544,1204.27,Generated,Pending Review,True,False
REC0000050,2026-08-01,CUST000050,SO0037,FR007,33.010000000000005,8.25,4,1,-3,3,156,967.2,59.28,117.95,11544,1204.27,Generated,Pending Review,True,False
REC0000051,2026-08-01,CUST000051,SO0014,FR010,0.0,0.0,5,1,-4,4,208,1289.6,79.04,157.27,15392,1605.73,Generated,Pending Review,True,False
REC0000052,2026-08-01,CUST000052,SO0026,FR001,0.0,0.0,2,2,0,0,0,0.0,0.0,0.0,0,0.0,Generated,Pending Review,True,False
REC0000053,2026-08-01,CUST000053,SO0010,FR004,141.32,35.33,3,1,-2,2,104,644.8,39.52,78.63,7696,802.81,Generated,Pending Review,True,False
REC0000054,2026-08-01,CUST000054,SO0009,FR004,132.68,33.17,4,1,-3,3,156,967.2,59.28,117.95,11544,1204.27,Generated,Pending Review,True,False
REC0000055,2026-08-01,CUST000055,SO0048,FR005,441.15,110.29,1,2,1,0,0,0.0,0.0,0.0,0,0.0,Generated,Pending Review,True,False
REC0000056,2026-08-01,CUST000056,SO0035,FR004,164.99,41.25,3,1,-2,2,104,644.8,39.52,78.63,7696,802.81,Generated,Pending Review,True,False
REC0000057,2026-08-01,CUST000057,SO0048,FR004,215.74,53.94,5,1,-4,4,208,1289.6,79.04,157.27,15392,1605.73,Generated,Pending Review,True,False
REC0000058,2026-08-01,CUST000058,SO0028,FR007,0.0,0.0,1,1,0,0,0,0.0,0.0,0.0,0,0.0,Generated,Pending Review,True,False
REC0000059,2026-08-01,CUST000059,SO0026,FR013,282.95,70.74,3,1,-2,2,104,644.8,39.52,78.63,7696,802.81,Generated,Pending Review,True,False
REC0000060,2026-08-01,CUST000060,SO0015,FR007,75.36,18.84,4,1,-3,3,156,967.2,59.28,117.95,11544,1204.27,Generated,Pending Review,True,False
REC0000061,2026-08-01,CUST000061,SO0033,FR010,0.0,0.0,4,1,-3,3,156,967.2,59.28,117.95,11544,1204.27,Generated,Pending Review,True,False
REC0000062,2026-08-01,CUST000062,SO0006,FR007,0.0,0.0,4,1,-3,3,156,967.2,59.28,117.95,11544,1204.27,Generated,Pending Review,True,False
REC0000063,2026-08-01,CUST000063,SO0008,FR004,0.0,0.0,3,1,-2,2,104,644.8,39.52,78.63,7696,802.81,Generated,Pending Review,True,False
REC0000064,2026-08-01,CUST000064,SO0041,FR007,0.0,0.0,2,1,-1,1,52,322.4,19.76,39.32,3848,401.46,Generated,Pending Review,True,False
REC0000065,2026-08-01,CUST000065,SO0044,FR010,0.0,0.0,1,1,0,0,0,0.0,0.0,0.0,0,0.0,Generated,Pending Review,True,False
REC0000066,2026-08-01,CUST000066,SO0039,FR004,70.06,17.52,4,1,-3,3,156,967.2,59.28,117.95,11544,1204.27,Generated,Pending Review,True,False
REC0000067,2026-08-01,CUST000067,SO0025,FR010,66.3,16.58,2,1,-1,1,52,322.4,19.76,39.32,3848,401.46,Generated,Pending Review,True,False
REC0000068,2026-08-01,CUST000068,SO0039,FR004,139.45,34.86,1,1,0,0,0,0.0,0.0,0.0,0,0.0,Generated,Pending Review,True,False
REC0000069,2026-08-01,CUST000069,SO0034,FR001,127.56,31.89,3,2,-1,1,52,322.4,19.76,39.32,3848,401.46,Generated,Pending Review,True,False
REC0000070,2026-08-01,CUST000070,SO0036,FR004,262.78000000000003,65.7,3,1,-2,2,104,644.8,39.52,78.63,7696,802.81,Generated,Pending Review,True,False
REC0000071,2026-08-01,CUST000071,SO0044,FR001,51.09,12.77,2,2,0,0,0,0.0,0.0,0.0,0,0.0,Generated,Pending Review,True,False
REC0000072,2026-08-01,CUST000072,SO0044,FR007,0.0,0.0,3,1,-2,2,104,644.8,39.52,78.63,7696,802.81,Generated,Pending Review,True,False
REC0000073,2026-08-01,CUST000073,SO0018,FR010,0.0,0.0,1,1,0,0,0,0.0,0.0,0.0,0,0.0,Generated,Pending Review,True,False
REC0000074,2026-08-01,CUST000074,SO0008,FR010,0.0,0.0,5,1,-4,4,208,1289.6,79.04,157.27,15392,1605.73,Generated,Pending Review,True,False
REC0000075,2026-08-01,CUST000075,SO0028,FR010,0.0,0.0,3,1,-2,2,104,644.8,39.52,78.63,7696,802.81,Generated,Pending Review,True,False
REC0000076,2026-08-01,CUST000076,SO0030,FR007,110.55,27.64,3,1,-2,2,104,644.8,39.52,78.63,7696,802.81,Generated,Pending Review,True,False
REC0000077,2026-08-01,CUST000077,SO0047,FR004,0.0,0.0,3,1,-2,2,104,644.8,39.52,78.63,7696,802.81,Generated,Pending Review,True,False
REC0000078,2026-08-01,CUST000078,SO0033,FR007,0.0,0.0,3,1,-2,2,104,644.8,39.52,78.63,7696,802.81,Generated,Pending Review,True,False
REC0000079,2026-08-01,CUST000079,SO0033,FR004,0.0,0.0,2,1,-1,1,52,322.4,19.76,39.32,3848,401.46,Generated,Pending Review,True,False
REC0000080,2026-08-01,CUST000080,SO0041,FR004,152.42000000000002,38.11,5,1,-4,4,208,1289.6,79.04,157.27,15392,1605.73,Generated,Pending Review,True,False
REC0000081,2026-08-01,CUST000081,SO0041,FR005,368.47,92.12,3,2,-1,1,52,322.4,19.76,39.32,3848,401.46,Generated,Pending Review,True,False
REC0000082,2026-08-01,CUST000082,SO0039,FR010,0.0,0.0,3,1,-2,2,104,644.8,39.52,78.63,7696,802.81,Generated,Pending Review,True,False
REC0000083,2026-08-01,CUST000083,SO0010,FR007,97.7,24.42,2,1,-1,1,52,322.4,19.76,39.32,3848,401.46,Generated,Pending Review,True,False
REC0000084,2026-08-01,CUST000084,SO0011,FR007,91.0,22.75,1,1,0,0,0,0.0,0.0,0.0,0,0.0,Generated,Pending Review,True,False
REC0000085,2026-08-01,CUST000085,SO0034,FR013,337.08,84.27,1,1,0,0,0,0.0,0.0,0.0,0,0.0,Generated,Pending Review,True,False
REC0000086,2026-08-01,CUST000086,SO0039,FR007,48.66,12.16,4,1,-3,3,156,967.2,59.28,117.95,11544,1204.27,Generated,Pending Review,True,False
REC0000087,2026-08-01,CUST000087,SO0032,FR004,94.2,23.55,3,1,-2,2,104,644.8,39.52,78.63,7696,802.81,Generated,Pending Review,True,False
REC0000088,2026-08-01,CUST000088,SO0008,FR007,144.32,36.08,3,1,-2,2,104,644.8,39.52,78.63,7696,802.81,Generated,Pending Review,True,False
REC0000089,2026-08-01,CUST000089,SO0020,FR010,156.7,39.17,4,1,-3,3,156,967.2,59.28,117.95,11544,1204.27,Generated,Pending Review,True,False
REC0000090,2026-08-01,CUST000090,SO0004,FR013,95.67,23.92,1,1,0,0,0,0.0,0.0,0.0,0,0.0,Generated,Pending Review,True,False
REC0000091,2026-08-01,CUST000091,SO0037,FR007,68.50999999999999,17.13,3,1,-2,2,104,644.8,39.52,78.63,7696,802.81,Generated,Pending Review,True,False
REC0000092,2026-08-01,CUST000092,SO0006,FR004,52.83,13.21,4,1,-3,3,156,967.2,59.28,117.95,11544,1204.27,Generated,Pending Review,True,False
REC0000093,2026-08-01,CUST000093,SO0005,FR004,0.0,0.0,2,1,-1,1,52,322.4,19.76,39.32,3848,401.46,Generated,Pending Review,True,False
REC0000094,2026-08-01,CUST000094,SO0009,FR013,81.64,20.41,3,1,-2,2,104,644.8,39.52,78.63,7696,802.81,Generated,Pending Review,True,False
REC0000095,2026-08-01,CUST000095,SO0043,FR007,0.0,0.0,5,1,-4,4,208,1289.6,79.04,157.27,15392,1605.73,Generated,Pending Review,True,False
REC0000096,2026-08-01,CUST000096,SO0036,FR005,334.69,83.67,5,2,-3,3,156,967.2,59.28,117.95,11544,1204.27,Generated,Pending Review,True,False
REC0000097,2026-08-01,CUST000097,SO0017,FR004,88.65,22.16,4,1,-3,3,156,967.2,59.28,117.95,11544,1204.27,Generated,Pending Review,True,False
REC0000098,2026-08-01,CUST000098,SO0039,FR007,125.54,31.38,3,1,-2,2,104,644.8,39.52,78.63,7696,802.81,Generated,Pending Review,True,False
REC0000099,2026-08-01,CUST000099,SO0014,FR010,127.63,31.91,2,1,-1,1,52,322.4,19.76,39.32,3848,401.46,Generated,Pending Review,True,False
REC0000100,2026-08-01,CUST000100,SO0047,FR004,0.0,0.0,5,1,-4,4,208,1289.6,79.04,157.27,15392,1605.73,Generated,Pending Review,True,False
REC0000101,2026-08-01,CUST000101,SO0046,FR013,66.5,16.62,4,1,-3,3,156,967.2,59.28,117.95,11544,1204.27,Generated,Pending Review,True,False
REC0000102,2026-08-01,CUST000102,SO0026,FR004,47.86,11.96,5,1,-4,4,208,1289.6,79.04,157.27,15392,1605.73,Generated,Pending Review,True,False
REC0000103,2026-08-01,CUST000103,SO0029,FR004,93.58,23.4,4,1,-3,3,156,967.2,59.28,117.95,11544,1204.27,Generated,Pending Review,True,False
REC0000104,2026-08-01,CUST000104,SO0029,FR004,0.0,0.0,4,1,-3,3,156,967.2,59.28,117.95,11544,1204.27,Generated,Pending Review,True,False
REC0000105,2026-08-01,CUST000105,SO0016,FR007,85.32,21.33,1,1,0,0,0,0.0,0.0,0.0,0,0.0,Generated,Pending Review,True,False
REC0000106,2026-08-01,CUST000106,SO0005,FR007,0.0,0.0,4,1,-3,3,156,967.2,59.28,117.95,11544,1204.27,Generated,Pending Review,True,False
REC0000107,2026-08-01,CUST000107,SO0002,FR001,292.13,73.03,4,2,-2,2,104,644.8,39.52,78.63,7696,802.81,Generated,Pending Review,True,False
REC0000108,2026-08-01,CUST000108,SO0036,FR007,101.54,25.38,4,1,-3,3,156,967.2,59.28,117.95,11544,1204.27,Generated,Pending Review,True,False
REC0000109,2026-08-01,CUST000109,SO0038,FR007,97.5,24.38,4,1,-3,3,156,967.2,59.28,117.95,11544,1204.27,Generated,Pending Review,True,False
REC0000110,2026-08-01,CUST000110,SO0001,FR004,205.9,51.48,2,1,-1,1,52,322.4,19.76,39.32,3848,401.46,Generated,Pending Review,True,False
REC0000111,2026-08-01,CUST000111,SO0046,FR007,76.97,19.24,1,1,0,0,0,0.0,0.0,0.0,0,0.0,Generated,Pending Review,True,False
REC0000112,2026-08-01,CUST000112,SO0015,FR010,101.61,25.4,4,1,-3,3,156,967.2,59.28,117.95,11544,1204.27,Generated,Pending Review,True,False
REC0000113,2026-08-01,CUST000113,SO0003,FR004,99.39,24.85,5,1,-4,4,208,1289.6,79.04,157.27,15392,1605.73,Generated,Pending Review,True,False
REC0000114,2026-08-01,CUST000114,SO0005,FR009,705.62,176.4,3,3,0,0,0,0.0,0.0,0.0,0,0.0,Generated,Pending Review,True,False
REC0000115,2026-08-01,CUST000115,SO0016,FR004,45.93,11.48,3,1,-2,2,104,644.8,39.52,78.63,7696,802.81,Generated,Pending Review,True,False
REC0000116,2026-08-01,CUST000116,SO0043,FR013,137.86,34.47,2,1,-1,1,52,322.4,19.76,39.32,3848,401.46,Generated,Pending Review,True,False
REC0000117,2026-08-01,CUST000117,SO0014,FR008,226.01,56.5,1,2,1,0,0,0.0,0.0,0.0,0,0.0,Generated,Pending Review,True,False
REC0000118,2026-08-01,CUST000118,SO0009,FR004,68.54,17.14,3,1,-2,2,104,644.8,39.52,78.63,7696,802.81,Generated,Pending Review,True,False
REC0000119,2026-08-01,CUST000119,SO0037,FR007,43.54,10.88,3,1,-2,2,104,644.8,39.52,78.63,7696,802.81,Generated,Pending Review,True,False
REC0000120,2026-08-01,CUST000120,SO0016,FR004,14.42,3.6,1,1,0,0,0,0.0,0.0,0.0,0,0.0,Generated,Pending Review,True,False
REC0000121,2026-08-01,CUST000121,SO0027,FR004,0.0,0.0,3,1,-2,2,104,644.8,39.52,78.63,7696,802.81,Generated,Pending Review,True,False
REC0000122,2026-08-01,CUST000122,SO0007,FR007,164.29,41.07,3,1,-2,2,104,644.8,39.52,78.63,7696,802.81,Generated,Pending Review,True,False
REC0000123,2026-08-01,CUST000123,SO0043,FR007,181.78,45.44,3,1,-2,2,104,644.8,39.52,78.63,7696,802.81,Generated,Pending Review,True,False
REC0000124,2026-08-01,CUST000124,SO0023,FR008,261.36,65.34,4,2,-2,2,104,644.8,39.52,78.63,7696,802.81,Generated,Pending Review,True,False
REC0000125,2026-08-01,CUST000125,SO0027,FR007,0.0,0.0,3,1,-2,2,104,644.8,39.52,78.63,7696,802.81,Generated,Pending Review,True,False
REC0000126,2026-08-01,CUST000126,SO0047,FR010,200.71,50.18,3,1,-2,2,104,644.8,39.52,78.63,7696,802.81,Generated,Pending Review,True,False
REC0000127,2026-08-01,CUST000127,SO0044,FR010,164.67000000000002,41.17,1,1,0,0,0,0.0,0.0,0.0,0,0.0,Generated,Pending Review,True,False
REC0000128,2026-08-01,CUST000128,SO0004,FR004,0.0,0.0,2,1,-1,1,52,322.4,19.76,39.32,3848,401.46,Generated,Pending Review,True,False
REC0000129,2026-08-01,CUST000129,SO0047,FR010,194.67,48.67,4,1,-3,3,156,967.2,59.28,117.95,11544,1204.27,Generated,Pending Review,True,False
REC0000130,2026-08-01,CUST000130,SO0007,FR007,85.28,21.32,1,1,0,0,0,0.0,0.0,0.0,0,0.0,Generated,Pending Review,True,False
REC0000131,2026-08-01,CUST000131,SO0013,FR013,101.01,25.25,4,1,-3,3,156,967.2,59.28,117.95,11544,1204.27,Generated,Pending Review,True,False
REC0000132,2026-08-01,CUST000132,SO0035,FR007,0.0,0.0,3,1,-2,2,104,644.8,39.52,78.63,7696,802.81,Generated,Pending Review,True,False
REC0000133,2026-08-01,CUST000133,SO0009,FR004,144.6,36.15,3,1,-2,2,104,644.8,39.52,78.63,7696,802.81,Generated,Pending Review,True,False
REC0000134,2026-08-01,CUST000134,SO0012,FR011,250.01,62.5,5,2,-3,3,156,967.2,59.28,117.95,11544,1204.27,Generated,Pending Review,True,False
REC0000135,2026-08-01,CUST000135,SO0030,FR013,0.0,0.0,2,1,-1,1,52,322.4,19.76,39.32,3848,401.46,Generated,Pending Review,True,False
REC0000136,2026-08-01,CUST000136,SO0005,FR004,191.37,47.84,4,1,-3,3,156,967.2,59.28,117.95,11544,1204.27,Generated,Pending Review,True,False
REC0000137,2026-08-01,CUST000137,SO0036,FR004,0.0,0.0,2,1,-1,1,52,322.4,19.76,39.32,3848,401.46,Generated,Pending Review,True,False
REC0000138,2026-08-01,CUST000138,SO0004,FR004,0.0,0.0,2,1,-1,1,52,322.4,19.76,39.32,3848,401.46,Generated,Pending Review,True,False
REC0000139,2026-08-01,CUST000139,SO0001,FR007,112.37,28.09,1,1,0,0,0,0.0,0.0,0.0,0,0.0,Generated,Pending Review,True,False
REC0000140,2026-08-01,CUST000140,SO0016,FR007,0.0,0.0,3,1,-2,2,104,644.8,39.52,78.63,7696,802.81,Generated,Pending Review,True,False
REC0000141,2026-08-01,CUST000141,SO0027,FR001,106.26,26.56,2,2,0,0,0,0.0,0.0,0.0,0,0.0,Generated,Pending Review,True,False
REC0000142,2026-08-01,CUST000142,SO0031,FR010,137.94,34.48,3,1,-2,2,104,644.8,39.52,78.63,7696,802.81,Generated,Pending Review,True,False
REC0000143,2026-08-01,CUST000143,SO0026,FR007,0.0,0.0,5,1,-4,4,208,1289.6,79.04,157.27,15392,1605.73,Generated,Pending Review,True,False
REC0000144,2026-08-01,CUST000144,SO0011,FR004,105.72,26.43,3,1,-2,2,104,644.8,39.52,78.63,7696,802.81,Generated,Pending Review,True,False
REC0000145,2026-08-01,CUST000145,SO0001,FR007,50.36,12.59,5,1,-4,4,208,1289.6,79.04,157.27,15392,1605.73,Generated,Pending Review,True,False
REC0000146,2026-08-01,CUST000146,SO0017,FR004,107.59,26.9,2,1,-1,1,52,322.4,19.76,39.32,3848,401.46,Generated,Pending Review,True,False
REC0000147,2026-08-01,CUST000147,SO0019,FR007,122.98,30.74,2,1,-1,1,52,322.4,19.76,39.32,3848,401.46,Generated,Pending Review,True,False
REC0000148,2026-08-01,CUST000148,SO0045,FR004,155.09,38.77,4,1,-3,3,156,967.2,59.28,117.95,11544,1204.27,Generated,Pending Review,True,False
REC0000149,2026-08-01,CUST000149,SO0043,FR007,80.59,20.15,3,1,-2,2,104,644.8,39.52,78.63,7696,802.81,Generated,Pending Review,True,False
REC0000150,2026-08-01,CUST000150,SO0010,FR008,274.04,68.51,5,2,-3,3,156,967.2,59.28,117.95,11544,1204.27,Generated,Pending Review,True,False
REC0000151,2026-08-01,CUST000151,SO0019,FR004,0.0,0.0,4,1,-3,3,156,967.2,59.28,117.95,11544,1204.27,Generated,Pending Review,True,False
REC0000152,2026-08-01,CUST000152,SO0004,FR007,86.07,21.52,5,1,-4,4,208,1289.6,79.04,157.27,15392,1605.73,Generated,Pending Review,True,False
REC0000153,2026-08-01,CUST000153,SO0048,FR007,0.0,0.0,4,1,-3,3,156,967.2,59.28,117.95,11544,1204.27,Generated,Pending Review,True,False
REC0000154,2026-08-01,CUST000154,SO0004,FR001,73.53,18.38,4,2,-2,2,104,644.8,39.52,78.63,7696,802.81,Generated,Pending Review,True,False
REC0000155,2026-08-01,CUST000155,SO0004,FR007,97.32,24.33,5,1,-4,4,208,1289.6,79.04,157.27,15392,1605.73,Generated,Pending Review,True,False
REC0000156,2026-08-01,CUST000156,SO0038,FR004,155.94,38.98,3,1,-2,2,104,644.8,39.52,78.63,7696,802.81,Generated,Pending Review,True,False
REC0000157,2026-08-01,CUST000157,SO0033,FR010,224.23,56.06,1,1,0,0,0,0.0,0.0,0.0,0,0.0,Generated,Pending Review,True,False
REC0000158,2026-08-01,CUST000158,SO0011,FR004,0.0,0.0,3,1,-2,2,104,644.8,39.52,78.63,7696,802.81,Generated,Pending Review,True,False
REC0000159,2026-08-01,CUST000159,SO0033,FR010,0.0,0.0,4,1,-3,3,156,967.2,59.28,117.95,11544,1204.27,Generated,Pending Review,True,False
REC0000160,2026-08-01,CUST000160,SO0012,FR005,461.0,115.25,3,2,-1,1,52,322.4,19.76,39.32,3848,401.46,Generated,Pending Review,True,False
REC0000161,2026-08-01,CUST000161,SO0039,FR007,0.0,0.0,3,1,-2,2,104,644.8,39.52,78.63,7696,802.81,Generated,Pending Review,True,False
REC0000162,2026-08-01,CUST000162,SO0044,FR011,320.94,80.24,3,2,-1,1,52,322.4,19.76,39.32,3848,401.46,Generated,Pending Review,True,False
REC0000163,2026-08-01,CUST000163,SO0026,FR004,49.32,12.33,4,1,-3,3,156,967.2,59.28,117.95,11544,1204.27,Generated,Pending Review,True,False
REC0000164,2026-08-01,CUST000164,SO0037,FR007,79.49000000000001,19.87,2,1,-1,1,52,322.4,19.76,39.32,3848,401.46,Generated,Pending Review,True,False
REC0000165,2026-08-01,CUST000165,SO0038,FR004,116.85,29.21,2,1,-1,1,52,322.4,19.76,39.32,3848,401.46,Generated,Pending Review,True,False
REC0000166,2026-08-01,CUST000166,SO0003,FR013,265.11,66.28,2,1,-1,1,52,322.4,19.76,39.32,3848,401.46,Generated,Pending Review,True,False
REC0000167,2026-08-01,CUST000167,SO0006,UNMATCHED,199.32,49.83,5,5,0,0,0,0.0,0.0,0.0,0,0.0,Generated,Pending Review,True,False
REC0000168,2026-08-01,CUST000168,SO0043,FR008,314.15,78.54,5,2,-3,3,156,967.2,59.28,117.95,11544,1204.27,Generated,Pending Review,True,False
REC0000169,2026-08-01,CUST000169,SO0037,FR004,86.66,21.66,1,1,0,0,0,0.0,0.0,0.0,0,0.0,Generated,Pending Review,True,False
REC0000170,2026-08-01,CUST000170,SO0021,FR007,49.51,12.38,3,1,-2,2,104,644.8,39.52,78.63,7696,802.81,Generated,Pending Review,True,False
REC0000171,2026-08-01,CUST000171,SO0014,FR013,0.0,0.0,4,1,-3,3,156,967.2,59.28,117.95,11544,1204.27,Generated,Pending Review,True,False
REC0000172,2026-08-01,CUST000172,SO0016,FR010,0.0,0.0,2,1,-1,1,52,322.4,19.76,39.32,3848,401.46,Generated,Pending Review,True,False
REC0000173,2026-08-01,CUST000173,SO0026,FR007,98.72,24.68,4,1,-3,3,156,967.2,59.28,117.95,11544,1204.27,Generated,Pending Review,True,False
REC0000174,2026-08-01,CUST000174,SO0043,FR004,120.66,30.16,2,1,-1,1,52,322.4,19.76,39.32,3848,401.46,Generated,Pending Review,True,False
REC0000175,2026-08-01,CUST000175,SO0030,FR010,0.0,0.0,2,1,-1,1,52,322.4,19.76,39.32,3848,401.46,Generated,Pending Review,True,False
REC0000176,2026-08-01,CUST000176,SO0005,FR010,0.0,0.0,3,1,-2,2,104,644.8,39.52,78.63,7696,802.81,Generated,Pending Review,True,False
REC0000177,2026-08-01,CUST000177,SO0030,FR007,0.0,0.0,4,1,-3,3,156,967.2,59.28,117.95,11544,1204.27,Generated,Pending Review,True,False
REC0000178,2026-08-01,CUST000178,SO0037,FR004,52.03,13.01,3,1,-2,2,104,644.8,39.52,78.63,7696,802.81,Generated,Pending Review,True,False
REC0000179,2026-08-01,CUST000179,SO0005,FR013,225.86,56.46,3,1,-2,2,104,644.8,39.52,78.63,7696,802.81,Generated,Pending Review,True,False
REC0000180,2026-08-01,CUST000180,SO0014,FR013,69.03,17.26,1,1,0,0,0,0.0,0.0,0.0,0,0.0,Generated,Pending Review,True,False
REC0000181,2026-08-01,CUST000181,SO0017,FR001,148.63,37.16,3,2,-1,1,52,322.4,19.76,39.32,3848,401.46,Generated,Pending Review,True,False
REC0000182,2026-08-01,CUST000182,SO0023,FR001,24.78,6.2,1,2,1,0,0,0.0,0.0,0.0,0,0.0,Generated,Pending Review,True,False
REC0000183,2026-08-01,CUST000183,SO0016,FR007,0.0,0.0,2,1,-1,1,52,322.4,19.76,39.32,3848,401.46,Generated,Pending Review,True,False
REC0000184,2026-08-01,CUST000184,SO0019,FR007,0.0,0.0,1,1,0,0,0,0.0,0.0,0.0,0,0.0,Generated,Pending Review,True,False
REC0000185,2026-08-01,CUST000185,SO0029,FR001,136.92000000000002,34.23,3,2,-1,1,52,322.4,19.76,39.32,3848,401.46,Generated,Pending Review,True,False
REC0000186,2026-08-01,CUST000186,SO0046,FR007,45.11,11.28,4,1,-3,3,156,967.2,59.28,117.95,11544,1204.27,Generated,Pending Review,True,False
REC0000187,2026-08-01,CUST000187,SO0040,FR004,73.96000000000001,18.49,2,1,-1,1,52,322.4,19.76,39.32,3848,401.46,Generated,Pending Review,True,False
REC0000188,2026-08-01,CUST000188,SO0001,FR004,159.59,39.9,2,1,-1,1,52,322.4,19.76,39.32,3848,401.46,Generated,Pending Review,True,False
REC0000189,2026-08-01,CUST000189,SO0020,FR007,102.52,25.63,4,1,-3,3,156,967.2,59.28,117.95,11544,1204.27,Generated,Pending Review,True,False
REC0000190,2026-08-01,CUST000190,SO0009,FR004,0.0,0.0,5,1,-4,4,208,1289.6,79.04,157.27,15392,1605.73,Generated,Pending Review,True,False
REC0000191,2026-08-01,CUST000191,SO0008,FR001,0.0,0.0,1,2,1,0,0,0.0,0.0,0.0,0,0.0,Generated,Pending Review,True,False
REC0000192,2026-08-01,CUST000192,SO0048,FR008,206.07,51.52,3,2,-1,1,52,322.4,19.76,39.32,3848,401.46,Generated,Pending Review,True,False
REC0000193,2026-08-01,CUST000193,SO0010,FR010,42.7,10.68,3,1,-2,2,104,644.8,39.52,78.63,7696,802.81,Generated,Pending Review,True,False
REC0000194,2026-08-01,CUST000194,SO0019,FR010,0.0,0.0,2,1,-1,1,52,322.4,19.76,39.32,3848,401.46,Generated,Pending Review,True,False
REC0000195,2026-08-01,CUST000195,SO0014,FR007,0.0,0.0,5,1,-4,4,208,1289.6,79.04,157.27,15392,1605.73,Generated,Pending Review,True,False
REC0000196,2026-08-01,CUST000196,SO0014,FR004,82.97999999999999,20.74,4,1,-3,3,156,967.2,59.28,117.95,11544,1204.27,Generated,Pending Review,True,False
REC0000197,2026-08-01,CUST000197,SO0033,FR007,40.72,10.18,2,1,-1,1,52,322.4,19.76,39.32,3848,401.46,Generated,Pending Review,True,False
REC0000198,2026-08-01,CUST000198,SO0017,FR004,261.92,65.48,1,1,0,0,0,0.0,0.0,0.0,0,0.0,Generated,Pending Review,True,False
REC0000199,2026-08-01,CUST000199,SO0006,FR007,33.2,8.3,4,1,-3,3,156,967.2,59.28,117.95,11544,1204.27,Generated,Pending Review,True,False
REC0000200,2026-08-01,CUST000200,SO0018,FR007,0.0,0.0,1,1,0,0,0,0.0,0.0,0.0,0,0.0,Generated,Pending Review,True,False
REC0000201,2026-08-01,CUST000201,SO0001,FR004,82.97,20.74,3,1,-2,2,104,644.8,39.52,78.63,7696,802.81,Generated,Pending Review,True,False
REC0000202,2026-08-01,CUST000202,SO0009,FR001,71.08,17.77,5,2,-3,3,156,967.2,59.28,117.95,11544,1204.27,Generated,Pending Review,True,False
REC0000203,2026-08-01,CUST000203,SO0011,FR010,144.65,36.16,4,1,-3,3,156,967.2,59.28,117.95,11544,1204.27,Generated,Pending Review,True,False
REC0000204,2026-08-01,CUST000204,SO0036,FR004,0.0,0.0,1,1,0,0,0,0.0,0.0,0.0,0,0.0,Generated,Pending Review,True,False
REC0000205,2026-08-01,CUST000205,SO0036,FR007,0.0,0.0,4,1,-3,3,156,967.2,59.28,117.95,11544,1204.27,Generated,Pending Review,True,False
REC0000206,2026-08-01,CUST000206,SO0008,FR004,67.56,16.89,4,1,-3,3,156,967.2,59.28,117.95,11544,1204.27,Generated,Pending Review,True,False
REC0000207,2026-08-01,CUST000207,SO0045,FR007,85.34,21.34,3,1,-2,2,104,644.8,39.52,78.63,7696,802.81,Generated,Pending Review,True,False
REC0000208,2026-08-01,CUST000208,SO0035,FR007,189.73,47.43,4,1,-3,3,156,967.2,59.28,117.95,11544,1204.27,Generated,Pending Review,True,False
REC0000209,2026-08-01,CUST000209,SO0024,FR008,235.93,58.98,1,2,1,0,0,0.0,0.0,0.0,0,0.0,Generated,Pending Review,True,False
REC0000210,2026-08-01,CUST000210,SO0036,FR007,55.27,13.82,1,1,0,0,0,0.0,0.0,0.0,0,0.0,Generated,Pending Review,True,False
REC0000211,2026-08-01,CUST000211,SO0028,FR007,174.04,43.51,2,1,-1,1,52,322.4,19.76,39.32,3848,401.46,Generated,Pending Review,True,False
REC0000212,2026-08-01,CUST000212,SO0003,FR004,53.05,13.26,4,1,-3,3,156,967.2,59.28,117.95,11544,1204.27,Generated,Pending Review,True,False
REC0000213,2026-08-01,CUST000213,SO0024,FR007,0.0,0.0,4,1,-3,3,156,967.2,59.28,117.95,11544,1204.27,Generated,Pending Review,True,False
REC0000214,2026-08-01,CUST000214,SO0023,FR008,339.69,84.92,4,2,-2,2,104,644.8,39.52,78.63,7696,802.81,Generated,Pending Review,True,False
REC0000215,2026-08-01,CUST000215,SO0044,FR008,406.34,101.58,1,2,1,0,0,0.0,0.0,0.0,0,0.0,Generated,Pending Review,True,False
REC0000216,2026-08-01,CUST000216,SO0043,FR010,0.0,0.0,1,1,0,0,0,0.0,0.0,0.0,0,0.0,Generated,Pending Review,True,False
REC0000217,2026-08-01,CUST000217,SO0023,FR001,27.23,6.81,5,2,-3,3,156,967.2,59.28,117.95,11544,1204.27,Generated,Pending Review,True,False
REC0000218,2026-08-01,CUST000218,SO0027,FR010,0.0,0.0,3,1,-2,2,104,644.8,39.52,78.63,7696,802.81,Generated,Pending Review,True,False
REC0000219,2026-08-01,CUST000219,SO0048,FR007,187.71,46.93,3,1,-2,2,104,644.8,39.52,78.63,7696,802.81,Generated,Pending Review,True,False
REC0000220,2026-08-01,CUST000220,SO0016,FR007,0.0,0.0,2,1,-1,1,52,322.4,19.76,39.32,3848,401.46,Generated,Pending Review,True,False
REC0000221,2026-08-01,CUST000221,SO0012,FR004,153.51,38.38,2,1,-1,1,52,322.4,19.76,39.32,3848,401.46,Generated,Pending Review,True,False
REC0000222,2026-08-01,CUST000222,SO0002,FR013,0.0,0.0,2,1,-1,1,52,322.4,19.76,39.32,3848,401.46,Generated,Pending Review,True,False
REC0000223,2026-08-01,CUST000223,SO0048,FR010,235.99,59.0,2,1,-1,1,52,322.4,19.76,39.32,3848,401.46,Generated,Pending Review,True,False
REC0000224,2026-08-01,CUST000224,SO0027,FR007,11.51,2.88,3,1,-2,2,104,644.8,39.52,78.63,7696,802.81,Generated,Pending Review,True,False
REC0000225,2026-08-01,CUST000225,SO0018,FR007,0.0,0.0,5,1,-4,4,208,1289.6,79.04,157.27,15392,1605.73,Generated,Pending Review,True,False
REC0000226,2026-08-01,CUST000226,SO0045,FR004,0.0,0.0,2,1,-1,1,52,322.4,19.76,39.32,3848,401.46,Generated,Pending Review,True,False
REC0000227,2026-08-01,CUST000227,SO0025,FR010,91.74,22.94,5,1,-4,4,208,1289.6,79.04,157.27,15392,1605.73,Generated,Pending Review,True,False
REC0000228,2026-08-01,CUST000228,SO0031,FR013,207.22,51.8,1,1,0,0,0,0.0,0.0,0.0,0,0.0,Generated,Pending Review,True,False
REC0000229,2026-08-01,CUST000229,SO0013,FR007,49.96000000000001,12.49,1,1,0,0,0,0.0,0.0,0.0,0,0.0,Generated,Pending Review,True,False
REC0000230,2026-08-01,CUST000230,SO0023,FR007,0.0,0.0,2,1,-1,1,52,322.4,19.76,39.32,3848,401.46,Generated,Pending Review,True,False
REC0000231,2026-08-01,CUST000231,SO0015,FR010,0.0,0.0,3,1,-2,2,104,644.8,39.52,78.63,7696,802.81,Generated,Pending Review,True,False
REC0000232,2026-08-01,CUST000232,SO0002,FR004,0.0,0.0,3,1,-2,2,104,644.8,39.52,78.63,7696,802.81,Generated,Pending Review,True,False
REC0000233,2026-08-01,CUST000233,SO0026,FR004,0.0,0.0,5,1,-4,4,208,1289.6,79.04,157.27,15392,1605.73,Generated,Pending Review,True,False
REC0000234,2026-08-01,CUST000234,SO0018,FR004,87.44999999999999,21.86,2,1,-1,1,52,322.4,19.76,39.32,3848,401.46,Generated,Pending Review,True,False
REC0000235,2026-08-01,CUST000235,SO0018,FR007,28.21,7.05,3,1,-2,2,104,644.8,39.52,78.63,7696,802.81,Generated,Pending Review,True,False
REC0000236,2026-08-01,CUST000236,SO0042,FR010,0.0,0.0,4,1,-3,3,156,967.2,59.28,117.95,11544,1204.27,Generated,Pending Review,True,False
REC0000237,2026-08-01,CUST000237,SO0026,FR004,0.0,0.0,2,1,-1,1,52,322.4,19.76,39.32,3848,401.46,Generated,Pending Review,True,False
REC0000238,2026-08-01,CUST000238,SO0022,FR010,132.17,33.04,4,1,-3,3,156,967.2,59.28,117.95,11544,1204.27,Generated,Pending Review,True,False
REC0000239,2026-08-01,CUST000239,SO0008,FR007,0.0,0.0,3,1,-2,2,104,644.8,39.52,78.63,7696,802.81,Generated,Pending Review,True,False
REC0000240,2026-08-01,CUST000240,SO0012,FR004,21.62,5.4,5,1,-4,4,208,1289.6,79.04,157.27,15392,1605.73,Generated,Pending Review,True,False
REC0000241,2026-08-01,CUST000241,SO0017,FR004,70.33,17.58,3,1,-2,2,104,644.8,39.52,78.63,7696,802.81,Generated,Pending Review,True,False
REC0000242,2026-08-01,CUST000242,SO0007,FR001,174.82999999999998,43.71,1,2,1,0,0,0.0,0.0,0.0,0,0.0,Generated,Pending Review,True,False
REC0000243,2026-08-01,CUST000243,SO0028,FR007,54.49,13.62,3,1,-2,2,104,644.8,39.52,78.63,7696,802.81,Generated,Pending Review,True,False
REC0000244,2026-08-01,CUST000244,SO0047,FR004,129.47,32.37,5,1,-4,4,208,1289.6,79.04,157.27,15392,1605.73,Generated,Pending Review,True,False
REC0000245,2026-08-01,CUST000245,SO0028,FR007,43.47,10.87,2,1,-1,1,52,322.4,19.76,39.32,3848,401.46,Generated,Pending Review,True,False
REC0000246,2026-08-01,CUST000246,SO0033,FR001,39.85,9.96,2,2,0,0,0,0.0,0.0,0.0,0,0.0,Generated,Pending Review,True,False
REC0000247,2026-08-01,CUST000247,SO0025,FR011,300.51,75.13,4,2,-2,2,104,644.8,39.52,78.63,7696,802.81,Generated,Pending Review,True,False
REC0000248,2026-08-01,CUST000248,SO0013,FR008,382.81,95.7,3,2,-1,1,52,322.4,19.76,39.32,3848,401.46,Generated,Pending Review,True,False
REC0000249,2026-08-01,CUST000249,SO0003,FR004,284.5,71.12,1,1,0,0,0,0.0,0.0,0.0,0,0.0,Generated,Pending Review,True,False
REC0000250,2026-08-01,CUST000250,SO0001,FR004,92.23,23.06,3,1,-2,2,104,644.8,39.52,78.63,7696,802.81,Generated,Pending Review,True,False
REC0000251,2026-08-01,CUST000251,SO0035,FR004,0.0,0.0,4,1,-3,3,156,967.2,59.28,117.95,11544,1204.27,Generated,Pending Review,True,False
REC0000252,2026-08-01,CUST000252,SO0024,FR007,44.53,11.13,3,1,-2,2,104,644.8,39.52,78.63,7696,802.81,Generated,Pending Review,True,False
REC0000253,2026-08-01,CUST000253,SO0005,FR004,0.0,0.0,3,1,-2,2,104,644.8,39.52,78.63,7696,802.81,Generated,Pending Review,True,False
REC0000254,2026-08-01,CUST000254,SO0040,FR007,55.52,13.88,4,1,-3,3,156,967.2,59.28,117.95,11544,1204.27,Generated,Pending Review,True,False
REC0000255,2026-08-01,CUST000255,SO0043,FR004,118.25,29.56,5,1,-4,4,208,1289.6,79.04,157.27,15392,1605.73,Generated,Pending Review,True,False
REC0000256,2026-08-01,CUST000256,SO0047,FR007,94.95,23.74,3,1,-2,2,104,644.8,39.52,78.63,7696,802.81,Generated,Pending Review,True,False
REC0000257,2026-08-01,CUST000257,SO0033,FR010,158.32,39.58,3,1,-2,2,104,644.8,39.52,78.63,7696,802.81,Generated,Pending Review,True,False
REC0000258,2026-08-01,CUST000258,SO0043,FR007,0.0,0.0,3,1,-2,2,104,644.8,39.52,78.63,7696,802.81,Generated,Pending Review,True,False
REC0000259,2026-08-01,CUST000259,SO0021,FR007,58.63,14.66,3,1,-2,2,104,644.8,39.52,78.63,7696,802.81,Generated,Pending Review,True,False
REC0000260,2026-08-01,CUST000260,SO0045,FR004,14.83,3.71,2,1,-1,1,52,322.4,19.76,39.32,3848,401.46,Generated,Pending Review,True,False
REC0000261,2026-08-01,CUST000261,SO0036,FR004,45.01,11.25,3,1,-2,2,104,644.8,39.52,78.63,7696,802.81,Generated,Pending Review,True,False
REC0000262,2026-08-01,CUST000262,SO0013,FR004,0.0,0.0,2,1,-1,1,52,322.4,19.76,39.32,3848,401.46,Generated,Pending Review,True,False
REC0000263,2026-08-01,CUST000263,SO0043,FR004,82.85,20.71,3,1,-2,2,104,644.8,39.52,78.63,7696,802.81,Generated,Pending Review,True,False
REC0000264,2026-08-01,CUST000264,SO0044,FR008,294.63,73.66,2,2,0,0,0,0.0,0.0,0.0,0,0.0,Generated,Pending Review,True,False
REC0000265,2026-08-01,CUST000265,SO0040,FR013,0.0,0.0,3,1,-2,2,104,644.8,39.52,78.63,7696,802.81,Generated,Pending Review,True,False
REC0000266,2026-08-01,CUST000266,SO0020,FR007,139.91,34.98,4,1,-3,3,156,967.2,59.28,117.95,11544,1204.27,Generated,Pending Review,True,False
REC0000267,2026-08-01,CUST000267,SO0036,FR013,277.59000000000003,69.4,4,1,-3,3,156,967.2,59.28,117.95,11544,1204.27,Generated,Pending Review,True,False
REC0000268,2026-08-01,CUST000268,SO0020,FR007,121.38,30.34,3,1,-2,2,104,644.8,39.52,78.63,7696,802.81,Generated,Pending Review,True,False
REC0000269,2026-08-01,CUST000269,SO0014,FR011,257.57,64.39,5,2,-3,3,156,967.2,59.28,117.95,11544,1204.27,Generated,Pending Review,True,False
REC0000270,2026-08-01,CUST000270,SO0038,FR007,0.0,0.0,4,1,-3,3,156,967.2,59.28,117.95,11544,1204.27,Generated,Pending Review,True,False
REC0000271,2026-08-01,CUST000271,SO0042,FR007,0.0,0.0,2,1,-1,1,52,322.4,19.76,39.32,3848,401.46,Generated,Pending Review,True,False
REC0000272,2026-08-01,CUST000272,SO0030,FR004,0.0,0.0,3,1,-2,2,104,644.8,39.52,78.63,7696,802.81,Generated,Pending Review,True,False
REC0000273,2026-08-01,CUST000273,SO0029,FR010,0.0,0.0,4,1,-3,3,156,967.2,59.28,117.95,11544,1204.27,Generated,Pending Review,True,False
REC0000274,2026-08-01,CUST000274,SO0033,FR004,0.0,0.0,4,1,-3,3,156,967.2,59.28,117.95,11544,1204.27,Generated,Pending Review,True,False
REC0000275,2026-08-01,CUST000275,SO0048,FR010,78.79,19.7,1,1,0,0,0,0.0,0.0,0.0,0,0.0,Generated,Pending Review,True,False
REC0000276,2026-08-01,CUST000276,SO0043,FR004,34.69,8.67,2,1,-1,1,52,322.4,19.76,39.32,3848,401.46,Generated,Pending Review,True,False
REC0000277,2026-08-01,CUST000277,SO0019,FR013,194.59,48.65,5,1,-4,4,208,1289.6,79.04,157.27,15392,1605.73,Generated,Pending Review,True,False
REC0000278,2026-08-01,CUST000278,SO0043,FR011,352.82,88.2,2,2,0,0,0,0.0,0.0,0.0,0,0.0,Generated,Pending Review,True,False
REC0000279,2026-08-01,CUST000279,SO0022,FR004,0.0,0.0,4,1,-3,3,156,967.2,59.28,117.95,11544,1204.27,Generated,Pending Review,True,False
REC0000280,2026-08-01,CUST000280,SO0016,FR008,239.04,59.76,3,2,-1,1,52,322.4,19.76,39.32,3848,401.46,Generated,Pending Review,True,False
REC0000281,2026-08-01,CUST000281,SO0015,FR013,199.3,49.82,5,1,-4,4,208,1289.6,79.04,157.27,15392,1605.73,Generated,Pending Review,True,False
REC0000282,2026-08-01,CUST000282,SO0010,FR007,192.49,48.12,5,1,-4,4,208,1289.6,79.04,157.27,15392,1605.73,Generated,Pending Review,True,False
REC0000283,2026-08-01,CUST000283,SO0003,FR007,0.0,0.0,1,1,0,0,0,0.0,0.0,0.0,0,0.0,Generated,Pending Review,True,False
REC0000284,2026-08-01,CUST000284,SO0031,FR010,0.0,0.0,4,1,-3,3,156,967.2,59.28,117.95,11544,1204.27,Generated,Pending Review,True,False
REC0000285,2026-08-01,CUST000285,SO0005,FR004,41.26,10.32,4,1,-3,3,156,967.2,59.28,117.95,11544,1204.27,Generated,Pending Review,True,False
REC0000286,2026-08-01,CUST000286,SO0027,FR010,0.0,0.0,2,1,-1,1,52,322.4,19.76,39.32,3848,401.46,Generated,Pending Review,True,False
REC0000287,2026-08-01,CUST000287,SO0013,FR004,36.45,9.11,3,1,-2,2,104,644.8,39.52,78.63,7696,802.81,Generated,Pending Review,True,False
REC0000288,2026-08-01,CUST000288,SO0032,FR001,138.37,34.59,3,2,-1,1,52,322.4,19.76,39.32,3848,401.46,Generated,Pending Review,True,False
REC0000289,2026-08-01,CUST000289,SO0016,FR007,0.0,0.0,4,1,-3,3,156,967.2,59.28,117.95,11544,1204.27,Generated,Pending Review,True,False
REC0000290,2026-08-01,CUST000290,SO0042,FR010,0.0,0.0,4,1,-3,3,156,967.2,59.28,117.95,11544,1204.27,Generated,Pending Review,True,False
REC0000291,2026-08-01,CUST000291,SO0007,FR004,53.48,13.37,3,1,-2,2,104,644.8,39.52,78.63,7696,802.81,Generated,Pending Review,True,False
REC0000292,2026-08-01,CUST000292,SO0015,FR010,79.3,19.82,3,1,-2,2,104,644.8,39.52,78.63,7696,802.81,Generated,Pending Review,True,False
REC0000293,2026-08-01,CUST000293,SO0045,FR004,127.95,31.99,2,1,-1,1,52,322.4,19.76,39.32,3848,401.46,Generated,Pending Review,True,False
REC0000294,2026-08-01,CUST000294,SO0030,FR004,135.74,33.94,1,1,0,0,0,0.0,0.0,0.0,0,0.0,Generated,Pending Review,True,False
REC0000295,2026-08-01,CUST000295,SO0036,FR010,62.78,15.7,3,1,-2,2,104,644.8,39.52,78.63,7696,802.81,Generated,Pending Review,True,False
REC0000296,2026-08-01,CUST000296,SO0008,FR007,0.0,0.0,3,1,-2,2,104,644.8,39.52,78.63,7696,802.81,Generated,Pending Review,True,False
REC0000297,2026-08-01,CUST000297,SO0009,FR013,76.35,19.09,4,1,-3,3,156,967.2,59.28,117.95,11544,1204.27,Generated,Pending Review,True,False
REC0000298,2026-08-01,CUST000298,SO0043,FR008,224.66,56.16,2,2,0,0,0,0.0,0.0,0.0,0,0.0,Generated,Pending Review,True,False
REC0000299,2026-08-01,CUST000299,SO0036,FR007,0.0,0.0,4,1,-3,3,156,967.2,59.28,117.95,11544,1204.27,Generated,Pending Review,True,False
REC0000300,2026-08-01,CUST000300,SO0021,FR001,0.0,0.0,3,2,-1,1,52,322.4,19.76,39.32,3848,401.46,Generated,Pending Review,True,False
REC0000301,2026-08-01,CUST000301,SO0040,FR008,208.13,52.03,4,2,-2,2,104,644.8,39.52,78.63,7696,802.81,Generated,Pending Review,True,False
REC0000302,2026-08-01,CUST000302,SO0028,FR004,125.72,31.43,2,1,-1,1,52,322.4,19.76,39.32,3848,401.46,Generated,Pending Review,True,False
REC0000303,2026-08-01,CUST000303,SO0029,FR007,0.0,0.0,3,1,-2,2,104,644.8,39.52,78.63,7696,802.81,Generated,Pending Review,True,False
REC0000304,2026-08-01,CUST000304,SO0048,FR004,163.35,40.84,4,1,-3,3,156,967.2,59.28,117.95,11544,1204.27,Generated,Pending Review,True,False
REC0000305,2026-08-01,CUST000305,SO0029,FR010,245.23,61.31,3,1,-2,2,104,644.8,39.52,78.63,7696,802.81,Generated,Pending Review,True,False
REC0000306,2026-08-01,CUST000306,SO0016,FR001,196.52,49.13,2,2,0,0,0,0.0,0.0,0.0,0,0.0,Generated,Pending Review,True,False
REC0000307,2026-08-01,CUST000307,SO0034,FR007,0.0,0.0,2,1,-1,1,52,322.4,19.76,39.32,3848,401.46,Generated,Pending Review,True,False
REC0000308,2026-08-01,CUST000308,SO0041,FR008,202.49,50.62,2,2,0,0,0,0.0,0.0,0.0,0,0.0,Generated,Pending Review,True,False
REC0000309,2026-08-01,CUST000309,SO0018,FR005,303.57,75.89,2,2,0,0,0,0.0,0.0,0.0,0,0.0,Generated,Pending Review,True,False
REC0000310,2026-08-01,CUST000310,SO0005,FR004,31.83,7.96,3,1,-2,2,104,644.8,39.52,78.63,7696,802.81,Generated,Pending Review,True,False
REC0000311,2026-08-01,CUST000311,SO0016,FR010,54.03,13.51,1,1,0,0,0,0.0,0.0,0.0,0,0.0,Generated,Pending Review,True,False
REC0000312,2026-08-01,CUST000312,SO0022,FR007,0.0,0.0,1,1,0,0,0,0.0,0.0,0.0,0,0.0,Generated,Pending Review,True,False
REC0000313,2026-08-01,CUST000313,SO0035,FR010,55.22,13.8,3,1,-2,2,104,644.8,39.52,78.63,7696,802.81,Generated,Pending Review,True,False
REC0000314,2026-08-01,CUST000314,SO0009,FR007,0.0,0.0,2,1,-1,1,52,322.4,19.76,39.32,3848,401.46,Generated,Pending Review,True,False
REC0000315,2026-08-01,CUST000315,SO0015,FR010,200.15,50.04,2,1,-1,1,52,322.4,19.76,39.32,3848,401.46,Generated,Pending Review,True,False
REC0000316,2026-08-01,CUST000316,SO0045,FR008,254.53,63.63,5,2,-3,3,156,967.2,59.28,117.95,11544,1204.27,Generated,Pending Review,True,False
REC0000317,2026-08-01,CUST000317,SO0046,FR008,210.35,52.59,1,2,1,0,0,0.0,0.0,0.0,0,0.0,Generated,Pending Review,True,False
REC0000318,2026-08-01,CUST000318,SO0005,FR004,0.0,0.0,4,1,-3,3,156,967.2,59.28,117.95,11544,1204.27,Generated,Pending Review,True,False
REC0000319,2026-08-01,CUST000319,SO0027,FR007,0.0,0.0,3,1,-2,2,104,644.8,39.52,78.63,7696,802.81,Generated,Pending Review,True,False
REC0000320,2026-08-01,CUST000320,SO0035,FR013,196.18,49.04,3,1,-2,2,104,644.8,39.52,78.63,7696,802.81,Generated,Pending Review,True,False
REC0000321,2026-08-01,CUST000321,SO0027,FR007,0.0,0.0,3,1,-2,2,104,644.8,39.52,78.63,7696,802.81,Generated,Pending Review,True,False
REC0000322,2026-08-01,CUST000322,SO0014,FR004,218.61,54.65,2,1,-1,1,52,322.4,19.76,39.32,3848,401.46,Generated,Pending Review,True,False
REC0000323,2026-08-01,CUST000323,SO0025,FR004,227.3,56.82,4,1,-3,3,156,967.2,59.28,117.95,11544,1204.27,Generated,Pending Review,True,False
REC0000324,2026-08-01,CUST000324,SO0045,FR007,59.07,14.77,4,1,-3,3,156,967.2,59.28,117.95,11544,1204.27,Generated,Pending Review,True,False
REC0000325,2026-08-01,CUST000325,SO0037,FR010,0.0,0.0,3,1,-2,2,104,644.8,39.52,78.63,7696,802.81,Generated,Pending Review,True,False
REC0000326,2026-08-01,CUST000326,SO0031,FR013,0.0,0.0,3,1,-2,2,104,644.8,39.52,78.63,7696,802.81,Generated,Pending Review,True,False
REC0000327,2026-08-01,CUST000327,SO0023,FR001,181.24,45.31,1,2,1,0,0,0.0,0.0,0.0,0,0.0,Generated,Pending Review,True,False
REC0000328,2026-08-01,CUST000328,SO0025,FR001,0.0,0.0,4,2,-2,2,104,644.8,39.52,78.63,7696,802.81,Generated,Pending Review,True,False
REC0000329,2026-08-01,CUST000329,SO0035,FR008,291.83,72.96,1,2,1,0,0,0.0,0.0,0.0,0,0.0,Generated,Pending Review,True,False
REC0000330,2026-08-01,CUST000330,SO0039,FR011,273.59000000000003,68.4,2,2,0,0,0,0.0,0.0,0.0,0,0.0,Generated,Pending Review,True,False
REC0000331,2026-08-01,CUST000331,SO0032,FR004,225.94,56.48,4,1,-3,3,156,967.2,59.28,117.95,11544,1204.27,Generated,Pending Review,True,False
REC0000332,2026-08-01,CUST000332,SO0018,FR013,131.71,32.93,5,1,-4,4,208,1289.6,79.04,157.27,15392,1605.73,Generated,Pending Review,True,False
REC0000333,2026-08-01,CUST000333,SO0032,FR007,112.59,28.15,4,1,-3,3,156,967.2,59.28,117.95,11544,1204.27,Generated,Pending Review,True,False
REC0000334,2026-08-01,CUST000334,SO0025,FR007,119.04,29.76,3,1,-2,2,104,644.8,39.52,78.63,7696,802.81,Generated,Pending Review,True,False
REC0000335,2026-08-01,CUST000335,SO0043,FR007,0.0,0.0,2,1,-1,1,52,322.4,19.76,39.32,3848,401.46,Generated,Pending Review,True,False
REC0000336,2026-08-01,CUST000336,SO0047,FR010,191.85,47.96,4,1,-3,3,156,967.2,59.28,117.95,11544,1204.27,Generated,Pending Review,True,False
REC0000337,2026-08-01,CUST000337,SO0030,FR010,0.0,0.0,1,1,0,0,0,0.0,0.0,0.0,0,0.0,Generated,Pending Review,True,False
REC0000338,2026-08-01,CUST000338,SO0040,FR008,257.99,64.5,2,2,0,0,0,0.0,0.0,0.0,0,0.0,Generated,Pending Review,True,False
REC0000339,2026-08-01,CUST000339,SO0002,FR007,43.05,10.76,1,1,0,0,0,0.0,0.0,0.0,0,0.0,Generated,Pending Review,True,False
REC0000340,2026-08-01,CUST000340,SO0038,FR004,209.76,52.44,1,1,0,0,0,0.0,0.0,0.0,0,0.0,Generated,Pending Review,True,False
REC0000341,2026-08-01,CUST000341,SO0043,FR004,129.02,32.26,5,1,-4,4,208,1289.6,79.04,157.27,15392,1605.73,Generated,Pending Review,True,False
REC0000342,2026-08-01,CUST000342,SO0006,FR013,206.95,51.74,1,1,0,0,0,0.0,0.0,0.0,0,0.0,Generated,Pending Review,True,False
REC0000343,2026-08-01,CUST000343,SO0009,FR007,0.0,0.0,3,1,-2,2,104,644.8,39.52,78.63,7696,802.81,Generated,Pending Review,True,False
REC0000344,2026-08-01,CUST000344,SO0012,FR007,150.29,37.57,5,1,-4,4,208,1289.6,79.04,157.27,15392,1605.73,Generated,Pending Review,True,False
REC0000345,2026-08-01,CUST000345,SO0017,FR007,0.0,0.0,2,1,-1,1,52,322.4,19.76,39.32,3848,401.46,Generated,Pending Review,True,False
REC0000346,2026-08-01,CUST000346,SO0021,FR013,177.3,44.32,4,1,-3,3,156,967.2,59.28,117.95,11544,1204.27,Generated,Pending Review,True,False
REC0000347,2026-08-01,CUST000347,SO0030,FR004,112.52,28.13,3,1,-2,2,104,644.8,39.52,78.63,7696,802.81,Generated,Pending Review,True,False
REC0000348,2026-08-01,CUST000348,SO0022,FR007,0.0,0.0,3,1,-2,2,104,644.8,39.52,78.63,7696,802.81,Generated,Pending Review,True,False
REC0000349,2026-08-01,CUST000349,SO0018,FR004,0.0,0.0,2,1,-1,1,52,322.4,19.76,39.32,3848,401.46,Generated,Pending Review,True,False
REC0000350,2026-08-01,CUST000350,SO0017,FR004,59.94,14.98,4,1,-3,3,156,967.2,59.28,117.95,11544,1204.27,Generated,Pending Review,True,False
REC0000351,2026-08-01,CUST000351,SO0031,FR013,84.37,21.09,4,1,-3,3,156,967.2,59.28,117.95,11544,1204.27,Generated,Pending Review,True,False
REC0000352,2026-08-01,CUST000352,SO0048,FR010,147.79,36.95,3,1,-2,2,104,644.8,39.52,78.63,7696,802.81,Generated,Pending Review,True,False
REC0000353,2026-08-01,CUST000353,SO0004,FR013,0.0,0.0,4,1,-3,3,156,967.2,59.28,117.95,11544,1204.27,Generated,Pending Review,True,False
REC0000354,2026-08-01,CUST000354,SO0015,FR004,103.51,25.88,2,1,-1,1,52,322.4,19.76,39.32,3848,401.46,Generated,Pending Review,True,False
REC0000355,2026-08-01,CUST000355,SO0042,FR001,227.28,56.82,4,2,-2,2,104,644.8,39.52,78.63,7696,802.81,Generated,Pending Review,True,False
REC0000356,2026-08-01,CUST000356,SO0002,FR007,0.0,0.0,1,1,0,0,0,0.0,0.0,0.0,0,0.0,Generated,Pending Review,True,False
REC0000357,2026-08-01,CUST000357,SO0013,FR013,0.0,0.0,2,1,-1,1,52,322.4,19.76,39.32,3848,401.46,Generated,Pending Review,True,False
REC0000358,2026-08-01,CUST000358,SO0040,FR013,0.0,0.0,2,1,-1,1,52,322.4,19.76,39.32,3848,401.46,Generated,Pending Review,True,False
REC0000359,2026-08-01,CUST000359,SO0016,FR001,83.53999999999999,20.88,2,2,0,0,0,0.0,0.0,0.0,0,0.0,Generated,Pending Review,True,False
REC0000360,2026-08-01,CUST000360,SO0031,FR008,251.07,62.77,3,2,-1,1,52,322.4,19.76,39.32,3848,401.46,Generated,Pending Review,True,False
REC0000361,2026-08-01,CUST000361,SO0037,FR007,174.09,43.52,4,1,-3,3,156,967.2,59.28,117.95,11544,1204.27,Generated,Pending Review,True,False
REC0000362,2026-08-01,CUST000362,SO0030,FR004,263.9,65.97,2,1,-1,1,52,322.4,19.76,39.32,3848,401.46,Generated,Pending Review,True,False
REC0000363,2026-08-01,CUST000363,SO0024,FR004,0.0,0.0,4,1,-3,3,156,967.2,59.28,117.95,11544,1204.27,Generated,Pending Review,True,False
REC0000364,2026-08-01,CUST000364,SO0039,FR004,0.0,0.0,3,1,-2,2,104,644.8,39.52,78.63,7696,802.81,Generated,Pending Review,True,False
REC0000365,2026-08-01,CUST000365,SO0048,FR004,0.0,0.0,4,1,-3,3,156,967.2,59.28,117.95,11544,1204.27,Generated,Pending Review,True,False
REC0000366,2026-08-01,CUST000366,SO0011,FR004,0.0,0.0,1,1,0,0,0,0.0,0.0,0.0,0,0.0,Generated,Pending Review,True,False
REC0000367,2026-08-01,CUST000367,SO0007,FR008,321.88,80.47,3,2,-1,1,52,322.4,19.76,39.32,3848,401.46,Generated,Pending Review,True,False
REC0000368,2026-08-01,CUST000368,SO0002,FR007,0.0,0.0,3,1,-2,2,104,644.8,39.52,78.63,7696,802.81,Generated,Pending Review,True,False
REC0000369,2026-08-01,CUST000369,SO0037,FR004,208.46,52.12,3,1,-2,2,104,644.8,39.52,78.63,7696,802.81,Generated,Pending Review,True,False
REC0000370,2026-08-01,CUST000370,SO0026,FR007,68.82000000000001,17.21,4,1,-3,3,156,967.2,59.28,117.95,11544,1204.27,Generated,Pending Review,True,False
REC0000371,2026-08-01,CUST000371,SO0005,FR010,181.88,45.47,3,1,-2,2,104,644.8,39.52,78.63,7696,802.81,Generated,Pending Review,True,False
REC0000372,2026-08-01,CUST000372,SO0045,FR008,310.54,77.64,4,2,-2,2,104,644.8,39.52,78.63,7696,802.81,Generated,Pending Review,True,False
REC0000373,2026-08-01,CUST000373,SO0007,FR007,71.97,17.99,3,1,-2,2,104,644.8,39.52,78.63,7696,802.81,Generated,Pending Review,True,False
REC0000374,2026-08-01,CUST000374,SO0044,FR007,0.0,0.0,4,1,-3,3,156,967.2,59.28,117.95,11544,1204.27,Generated,Pending Review,True,False
REC0000375,2026-08-01,CUST000375,SO0008,FR007,185.46,46.36,2,1,-1,1,52,322.4,19.76,39.32,3848,401.46,Generated,Pending Review,True,False
REC0000376,2026-08-01,CUST000376,SO0003,FR004,0.0,0.0,3,1,-2,2,104,644.8,39.52,78.63,7696,802.81,Generated,Pending Review,True,False
REC0000377,2026-08-01,CUST000377,SO0035,FR004,0.0,0.0,1,1,0,0,0,0.0,0.0,0.0,0,0.0,Generated,Pending Review,True,False
REC0000378,2026-08-01,CUST000378,SO0043,FR004,176.26999999999998,44.07,2,1,-1,1,52,322.4,19.76,39.32,3848,401.46,Generated,Pending Review,True,False
REC0000379,2026-08-01,CUST000379,SO0005,FR010,110.99,27.75,4,1,-3,3,156,967.2,59.28,117.95,11544,1204.27,Generated,Pending Review,True,False
REC0000380,2026-08-01,CUST000380,SO0042,FR007,160.7,40.17,2,1,-1,1,52,322.4,19.76,39.32,3848,401.46,Generated,Pending Review,True,False
REC0000381,2026-08-01,CUST000381,SO0001,FR004,134.7,33.67,3,1,-2,2,104,644.8,39.52,78.63,7696,802.81,Generated,Pending Review,True,False
REC0000382,2026-08-01,CUST000382,SO0032,FR007,46.99,11.75,4,1,-3,3,156,967.2,59.28,117.95,11544,1204.27,Generated,Pending Review,True,False
REC0000383,2026-08-01,CUST000383,SO0028,FR008,458.88,114.72,4,2,-2,2,104,644.8,39.52,78.63,7696,802.81,Generated,Pending Review,True,False
REC0000384,2026-08-01,CUST000384,SO0041,FR004,86.16000000000001,21.54,3,1,-2,2,104,644.8,39.52,78.63,7696,802.81,Generated,Pending Review,True,False
REC0000385,2026-08-01,CUST000385,SO0046,FR010,67.97999999999999,16.99,2,1,-1,1,52,322.4,19.76,39.32,3848,401.46,Generated,Pending Review,True,False
REC0000386,2026-08-01,CUST000386,SO0028,FR007,67.24,16.81,2,1,-1,1,52,322.4,19.76,39.32,3848,401.46,Generated,Pending Review,True,False
REC0000387,2026-08-01,CUST000387,SO0047,FR010,0.0,0.0,5,1,-4,4,208,1289.6,79.04,157.27,15392,1605.73,Generated,Pending Review,True,False
REC0000388,2026-08-01,CUST000388,SO0042,FR011,270.62,67.66,5,2,-3,3,156,967.2,59.28,117.95,11544,1204.27,Generated,Pending Review,True,False
REC0000389,2026-08-01,CUST000389,SO0040,FR010,132.5,33.12,4,1,-3,3,156,967.2,59.28,117.95,11544,1204.27,Generated,Pending Review,True,False
REC0000390,2026-08-01,CUST000390,SO0031,FR001,286.77,71.69,3,2,-1,1,52,322.4,19.76,39.32,3848,401.46,Generated,Pending Review,True,False
REC0000391,2026-08-01,CUST000391,SO0028,FR007,0.0,0.0,3,1,-2,2,104,644.8,39.52,78.63,7696,802.81,Generated,Pending Review,True,False
REC0000392,2026-08-01,CUST000392,SO0018,FR004,139.69,34.92,4,1,-3,3,156,967.2,59.28,117.95,11544,1204.27,Generated,Pending Review,True,False
REC0000393,2026-08-01,CUST000393,SO0016,FR010,97.04,24.26,4,1,-3,3,156,967.2,59.28,117.95,11544,1204.27,Generated,Pending Review,True,False
REC0000394,2026-08-01,CUST000394,SO0018,FR004,68.06,17.02,3,1,-2,2,104,644.8,39.52,78.63,7696,802.81,Generated,Pending Review,True,False
REC0000395,2026-08-01,CUST000395,SO0016,FR007,0.0,0.0,2,1,-1,1,52,322.4,19.76,39.32,3848,401.46,Generated,Pending Review,True,False
REC0000396,2026-08-01,CUST000396,SO0037,FR001,0.0,0.0,5,2,-3,3,156,967.2,59.28,117.95,11544,1204.27,Generated,Pending Review,True,False
REC0000397,2026-08-01,CUST000397,SO0043,FR008,230.0,57.5,2,2,0,0,0,0.0,0.0,0.0,0,0.0,Generated,Pending Review,True,False
REC0000398,2026-08-01,CUST000398,SO0022,FR004,0.0,0.0,5,1,-4,4,208,1289.6,79.04,157.27,15392,1605.73,Generated,Pending Review,True,False
REC0000399,2026-08-01,CUST000399,SO0032,FR010,97.84,24.46,2,1,-1,1,52,322.4,19.76,39.32,3848,401.46,Generated,Pending Review,True,False
REC0000400,2026-08-01,CUST000400,SO0012,FR004,45.44,11.36,3,1,-2,2,104,644.8,39.52,78.63,7696,802.81,Generated,Pending Review,True,False
REC0000401,2026-08-01,CUST000401,SO0014,FR010,232.63,58.16,4,1,-3,3,156,967.2,59.28,117.95,11544,1204.27,Generated,Pending Review,True,False
REC0000402,2026-08-01,CUST000402,SO0017,FR004,209.88,52.47,1,1,0,0,0,0.0,0.0,0.0,0,0.0,Generated,Pending Review,True,False
REC0000403,2026-08-01,CUST000403,SO0018,FR001,107.84,26.96,2,2,0,0,0,0.0,0.0,0.0,0,0.0,Generated,Pending Review,True,False
REC0000404,2026-08-01,CUST000404,SO0045,FR004,69.49,17.37,3,1,-2,2,104,644.8,39.52,78.63,7696,802.81,Generated,Pending Review,True,False
REC0000405,2026-08-01,CUST000405,SO0036,FR004,161.20999999999998,40.3,2,1,-1,1,52,322.4,19.76,39.32,3848,401.46,Generated,Pending Review,True,False
REC0000406,2026-08-01,CUST000406,SO0034,FR010,173.43,43.36,3,1,-2,2,104,644.8,39.52,78.63,7696,802.81,Generated,Pending Review,True,False
REC0000407,2026-08-01,CUST000407,SO0006,FR008,211.68,52.92,3,2,-1,1,52,322.4,19.76,39.32,3848,401.46,Generated,Pending Review,True,False
REC0000408,2026-08-01,CUST000408,SO0047,FR007,173.23000000000002,43.31,4,1,-3,3,156,967.2,59.28,117.95,11544,1204.27,Generated,Pending Review,True,False
REC0000409,2026-08-01,CUST000409,SO0032,FR004,148.15,37.04,2,1,-1,1,52,322.4,19.76,39.32,3848,401.46,Generated,Pending Review,True,False
REC0000410,2026-08-01,CUST000410,SO0016,FR010,128.74,32.18,5,1,-4,4,208,1289.6,79.04,157.27,15392,1605.73,Generated,Pending Review,True,False
REC0000411,2026-08-01,CUST000411,SO0042,FR004,80.51,20.13,2,1,-1,1,52,322.4,19.76,39.32,3848,401.46,Generated,Pending Review,True,False
REC0000412,2026-08-01,CUST000412,SO0029,FR007,121.19,30.3,2,1,-1,1,52,322.4,19.76,39.32,3848,401.46,Generated,Pending Review,True,False
REC0000413,2026-08-01,CUST000413,SO0006,FR001,36.04,9.01,2,2,0,0,0,0.0,0.0,0.0,0,0.0,Generated,Pending Review,True,False
REC0000414,2026-08-01,CUST000414,SO0015,FR004,0.0,0.0,5,1,-4,4,208,1289.6,79.04,157.27,15392,1605.73,Generated,Pending Review,True,False
REC0000415,2026-08-01,CUST000415,SO0045,FR004,35.87,8.97,1,1,0,0,0,0.0,0.0,0.0,0,0.0,Generated,Pending Review,True,False
REC0000416,2026-08-01,CUST000416,SO0020,FR007,47.85,11.96,4,1,-3,3,156,967.2,59.28,117.95,11544,1204.27,Generated,Pending Review,True,False
REC0000417,2026-08-01,CUST000417,SO0024,FR013,0.0,0.0,4,1,-3,3,156,967.2,59.28,117.95,11544,1204.27,Generated,Pending Review,True,False
REC0000418,2026-08-01,CUST000418,SO0036,FR007,0.0,0.0,4,1,-3,3,156,967.2,59.28,117.95,11544,1204.27,Generated,Pending Review,True,False
REC0000419,2026-08-01,CUST000419,SO0023,FR004,13.03,3.26,2,1,-1,1,52,322.4,19.76,39.32,3848,401.46,Generated,Pending Review,True,False
REC0000420,2026-08-01,CUST000420,SO0048,FR007,132.01,33.0,3,1,-2,2,104,644.8,39.52,78.63,7696,802.81,Generated,Pending Review,True,False
REC0000421,2026-08-01,CUST000421,SO0022,FR004,0.0,0.0,4,1,-3,3,156,967.2,59.28,117.95,11544,1204.27,Generated,Pending Review,True,False
REC0000422,2026-08-01,CUST000422,SO0045,FR004,79.6,19.9,4,1,-3,3,156,967.2,59.28,117.95,11544,1204.27,Generated,Pending Review,True,False
REC0000423,2026-08-01,CUST000423,SO0018,FR010,138.38,34.6,5,1,-4,4,208,1289.6,79.04,157.27,15392,1605.73,Generated,Pending Review,True,False
REC0000424,2026-08-01,CUST000424,SO0017,FR007,104.11,26.03,5,1,-4,4,208,1289.6,79.04,157.27,15392,1605.73,Generated,Pending Review,True,False
REC0000425,2026-08-01,CUST000425,SO0008,FR010,0.0,0.0,2,1,-1,1,52,322.4,19.76,39.32,3848,401.46,Generated,Pending Review,True,False
REC0000426,2026-08-01,CUST000426,SO0021,FR013,208.57,52.14,4,1,-3,3,156,967.2,59.28,117.95,11544,1204.27,Generated,Pending Review,True,False
REC0000427,2026-08-01,CUST000427,SO0048,FR004,60.51,15.13,3,1,-2,2,104,644.8,39.52,78.63,7696,802.81,Generated,Pending Review,True,False
REC0000428,2026-08-01,CUST000428,SO0045,FR001,0.0,0.0,2,2,0,0,0,0.0,0.0,0.0,0,0.0,Generated,Pending Review,True,False
REC0000429,2026-08-01,CUST000429,SO0013,FR007,71.83,17.96,1,1,0,0,0,0.0,0.0,0.0,0,0.0,Generated,Pending Review,True,False
REC0000430,2026-08-01,CUST000430,SO0048,FR001,113.5,28.38,3,2,-1,1,52,322.4,19.76,39.32,3848,401.46,Generated,Pending Review,True,False
REC0000431,2026-08-01,CUST000431,SO0018,FR007,0.0,0.0,2,1,-1,1,52,322.4,19.76,39.32,3848,401.46,Generated,Pending Review,True,False
REC0000432,2026-08-01,CUST000432,SO0034,FR004,95.26,23.82,3,1,-2,2,104,644.8,39.52,78.63,7696,802.81,Generated,Pending Review,True,False
REC0000433,2026-08-01,CUST000433,SO0019,FR004,72.26,18.07,1,1,0,0,0,0.0,0.0,0.0,0,0.0,Generated,Pending Review,True,False
REC0000434,2026-08-01,CUST000434,SO0013,FR007,184.83,46.21,4,1,-3,3,156,967.2,59.28,117.95,11544,1204.27,Generated,Pending Review,True,False
REC0000435,2026-08-01,CUST000435,SO0015,FR007,0.0,0.0,3,1,-2,2,104,644.8,39.52,78.63,7696,802.81,Generated,Pending Review,True,False
REC0000436,2026-08-01,CUST000436,SO0012,FR010,0.0,0.0,2,1,-1,1,52,322.4,19.76,39.32,3848,401.46,Generated,Pending Review,True,False
REC0000437,2026-08-01,CUST000437,SO0001,FR013,58.53,14.63,5,1,-4,4,208,1289.6,79.04,157.27,15392,1605.73,Generated,Pending Review,True,False
REC0000438,2026-08-01,CUST000438,SO0009,FR004,182.14,45.54,2,1,-1,1,52,322.4,19.76,39.32,3848,401.46,Generated,Pending Review,True,False
REC0000439,2026-08-01,CUST000439,SO0003,FR001,129.16,32.29,5,2,-3,3,156,967.2,59.28,117.95,11544,1204.27,Generated,Pending Review,True,False
REC0000440,2026-08-01,CUST000440,SO0036,FR010,0.0,0.0,3,1,-2,2,104,644.8,39.52,78.63,7696,802.81,Generated,Pending Review,True,False
REC0000441,2026-08-01,CUST000441,SO0045,FR010,163.09,40.77,3,1,-2,2,104,644.8,39.52,78.63,7696,802.81,Generated,Pending Review,True,False
REC0000442,2026-08-01,CUST000442,SO0041,FR007,189.31,47.33,2,1,-1,1,52,322.4,19.76,39.32,3848,401.46,Generated,Pending Review,True,False
REC0000443,2026-08-01,CUST000443,SO0007,FR010,67.99000000000001,17.0,2,1,-1,1,52,322.4,19.76,39.32,3848,401.46,Generated,Pending Review,True,False
REC0000444,2026-08-01,CUST000444,SO0037,FR010,0.0,0.0,2,1,-1,1,52,322.4,19.76,39.32,3848,401.46,Generated,Pending Review,True,False
REC0000445,2026-08-01,CUST000445,SO0031,FR001,45.34,11.34,4,2,-2,2,104,644.8,39.52,78.63,7696,802.81,Generated,Pending Review,True,False
REC0000446,2026-08-01,CUST000446,SO0029,FR007,0.0,0.0,5,1,-4,4,208,1289.6,79.04,157.27,15392,1605.73,Generated,Pending Review,True,False
REC0000447,2026-08-01,CUST000447,SO0012,FR004,0.0,0.0,3,1,-2,2,104,644.8,39.52,78.63,7696,802.81,Generated,Pending Review,True,False
REC0000448,2026-08-01,CUST000448,SO0017,FR007,0.0,0.0,1,1,0,0,0,0.0,0.0,0.0,0,0.0,Generated,Pending Review,True,False
REC0000449,2026-08-01,CUST000449,SO0008,FR007,78.73,19.68,1,1,0,0,0,0.0,0.0,0.0,0,0.0,Generated,Pending Review,True,False
REC0000450,2026-08-01,CUST000450,SO0026,FR004,0.0,0.0,2,1,-1,1,52,322.4,19.76,39.32,3848,401.46,Generated,Pending Review,True,False
REC0000451,2026-08-01,CUST000451,SO0005,FR004,117.92,29.48,4,1,-3,3,156,967.2,59.28,117.95,11544,1204.27,Generated,Pending Review,True,False
REC0000452,2026-08-01,CUST000452,SO0041,FR007,0.0,0.0,3,1,-2,2,104,644.8,39.52,78.63,7696,802.81,Generated,Pending Review,True,False
REC0000453,2026-08-01,CUST000453,SO0010,FR007,70.64,17.66,3,1,-2,2,104,644.8,39.52,78.63,7696,802.81,Generated,Pending Review,True,False
REC0000454,2026-08-01,CUST000454,SO0037,FR001,56.12,14.03,3,2,-1,1,52,322.4,19.76,39.32,3848,401.46,Generated,Pending Review,True,False
REC0000455,2026-08-01,CUST000455,SO0006,FR007,0.0,0.0,3,1,-2,2,104,644.8,39.52,78.63,7696,802.81,Generated,Pending Review,True,False
REC0000456,2026-08-01,CUST000456,SO0008,FR004,0.0,0.0,2,1,-1,1,52,322.4,19.76,39.32,3848,401.46,Generated,Pending Review,True,False
REC0000457,2026-08-01,CUST000457,SO0027,FR007,117.87,29.47,4,1,-3,3,156,967.2,59.28,117.95,11544,1204.27,Generated,Pending Review,True,False
REC0000458,2026-08-01,CUST000458,SO0039,FR007,0.0,0.0,2,1,-1,1,52,322.4,19.76,39.32,3848,401.46,Generated,Pending Review,True,False
REC0000459,2026-08-01,CUST000459,SO0015,FR007,0.0,0.0,2,1,-1,1,52,322.4,19.76,39.32,3848,401.46,Generated,Pending Review,True,False
REC0000460,2026-08-01,CUST000460,SO0025,FR010,47.34,11.84,2,1,-1,1,52,322.4,19.76,39.32,3848,401.46,Generated,Pending Review,True,False
REC0000461,2026-08-01,CUST000461,SO0029,FR010,64.06,16.02,4,1,-3,3,156,967.2,59.28,117.95,11544,1204.27,Generated,Pending Review,True,False
REC0000462,2026-08-01,CUST000462,SO0038,FR004,189.65,47.41,2,1,-1,1,52,322.4,19.76,39.32,3848,401.46,Generated,Pending Review,True,False
REC0000463,2026-08-01,CUST000463,SO0020,FR013,214.89,53.72,5,1,-4,4,208,1289.6,79.04,157.27,15392,1605.73,Generated,Pending Review,True,False
REC0000464,2026-08-01,CUST000464,SO0040,FR010,0.0,0.0,5,1,-4,4,208,1289.6,79.04,157.27,15392,1605.73,Generated,Pending Review,True,False
REC0000465,2026-08-01,CUST000465,SO0040,FR010,129.89,32.47,2,1,-1,1,52,322.4,19.76,39.32,3848,401.46,Generated,Pending Review,True,False
REC0000466,2026-08-01,CUST000466,SO0014,FR013,112.32,28.08,5,1,-4,4,208,1289.6,79.04,157.27,15392,1605.73,Generated,Pending Review,True,False
REC0000467,2026-08-01,CUST000467,SO0017,FR005,360.38,90.1,3,2,-1,1,52,322.4,19.76,39.32,3848,401.46,Generated,Pending Review,True,False
REC0000468,2026-08-01,CUST000468,SO0011,FR007,100.06,25.02,3,1,-2,2,104,644.8,39.52,78.63,7696,802.81,Generated,Pending Review,True,False
REC0000469,2026-08-01,CUST000469,SO0012,FR004,146.07,36.52,1,1,0,0,0,0.0,0.0,0.0,0,0.0,Generated,Pending Review,True,False
REC0000470,2026-08-01,CUST000470,SO0005,FR007,25.09,6.27,2,1,-1,1,52,322.4,19.76,39.32,3848,401.46,Generated,Pending Review,True,False
REC0000471,2026-08-01,CUST000471,SO0001,FR001,162.3,40.58,2,2,0,0,0,0.0,0.0,0.0,0,0.0,Generated,Pending Review,True,False
REC0000472,2026-08-01,CUST000472,SO0029,FR004,86.65,21.66,1,1,0,0,0,0.0,0.0,0.0,0,0.0,Generated,Pending Review,True,False
REC0000473,2026-08-01,CUST000473,SO0031,FR001,199.44,49.86,4,2,-2,2,104,644.8,39.52,78.63,7696,802.81,Generated,Pending Review,True,False
REC0000474,2026-08-01,CUST000474,SO0003,FR007,0.0,0.0,3,1,-2,2,104,644.8,39.52,78.63,7696,802.81,Generated,Pending Review,True,False
REC0000475,2026-08-01,CUST000475,SO0019,FR010,109.69,27.42,1,1,0,0,0,0.0,0.0,0.0,0,0.0,Generated,Pending Review,True,False
REC0000476,2026-08-01,CUST000476,SO0045,FR007,0.0,0.0,2,1,-1,1,52,322.4,19.76,39.32,3848,401.46,Generated,Pending Review,True,False
REC0000477,2026-08-01,CUST000477,SO0005,FR007,67.28,16.82,3,1,-2,2,104,644.8,39.52,78.63,7696,802.81,Generated,Pending Review,True,False
REC0000478,2026-08-01,CUST000478,SO0017,FR004,181.77,45.44,3,1,-2,2,104,644.8,39.52,78.63,7696,802.81,Generated,Pending Review,True,False
REC0000479,2026-08-01,CUST000479,SO0043,FR001,220.51,55.13,2,2,0,0,0,0.0,0.0,0.0,0,0.0,Generated,Pending Review,True,False
REC0000480,2026-08-01,CUST000480,SO0028,FR007,182.68,45.67,3,1,-2,2,104,644.8,39.52,78.63,7696,802.81,Generated,Pending Review,True,False
REC0000481,2026-08-01,CUST000481,SO0035,FR010,0.0,0.0,4,1,-3,3,156,967.2,59.28,117.95,11544,1204.27,Generated,Pending Review,True,False
REC0000482,2026-08-01,CUST000482,SO0042,FR008,265.64,66.41,2,2,0,0,0,0.0,0.0,0.0,0,0.0,Generated,Pending Review,True,False
REC0000483,2026-08-01,CUST000483,SO0018,FR007,84.84,21.21,3,1,-2,2,104,644.8,39.52,78.63,7696,802.81,Generated,Pending Review,True,False
REC0000484,2026-08-01,CUST000484,SO0005,FR010,190.5,47.62,2,1,-1,1,52,322.4,19.76,39.32,3848,401.46,Generated,Pending Review,True,False
REC0000485,2026-08-01,CUST000485,SO0011,FR010,157.93,39.48,5,1,-4,4,208,1289.6,79.04,157.27,15392,1605.73,Generated,Pending Review,True,False
REC0000486,2026-08-01,CUST000486,SO0039,FR013,105.81,26.45,5,1,-4,4,208,1289.6,79.04,157.27,15392,1605.73,Generated,Pending Review,True,False
REC0000487,2026-08-01,CUST000487,SO0019,FR001,0.0,0.0,4,2,-2,2,104,644.8,39.52,78.63,7696,802.81,Generated,Pending Review,True,False
REC0000488,2026-08-01,CUST000488,SO0008,FR007,120.64,30.16,3,1,-2,2,104,644.8,39.52,78.63,7696,802.81,Generated,Pending Review,True,False
REC0000489,2026-08-01,CUST000489,SO0045,FR001,33.39,8.35,4,2,-2,2,104,644.8,39.52,78.63,7696,802.81,Generated,Pending Review,True,False
REC0000490,2026-08-01,CUST000490,SO0045,FR007,114.64,28.66,2,1,-1,1,52,322.4,19.76,39.32,3848,401.46,Generated,Pending Review,True,False
REC0000491,2026-08-01,CUST000491,SO0018,FR004,100.29,25.07,2,1,-1,1,52,322.4,19.76,39.32,3848,401.46,Generated,Pending Review,True,False
REC0000492,2026-08-01,CUST000492,SO0035,FR013,223.51,55.88,4,1,-3,3,156,967.2,59.28,117.95,11544,1204.27,Generated,Pending Review,True,False
REC0000493,2026-08-01,CUST000493,SO0029,FR004,60.89,15.22,4,1,-3,3,156,967.2,59.28,117.95,11544,1204.27,Generated,Pending Review,True,False
REC0000494,2026-08-01,CUST000494,SO0039,FR010,101.56,25.39,2,1,-1,1,52,322.4,19.76,39.32,3848,401.46,Generated,Pending Review,True,False
REC0000495,2026-08-01,CUST000495,SO0028,FR004,129.61,32.4,1,1,0,0,0,0.0,0.0,0.0,0,0.0,Generated,Pending Review,True,False
REC0000496,2026-08-01,CUST000496,SO0039,FR001,80.94999999999999,20.24,3,2,-1,1,52,322.4,19.76,39.32,3848,401.46,Generated,Pending Review,True,False
REC0000497,2026-08-01,CUST000497,SO0002,FR004,115.23,28.81,4,1,-3,3,156,967.2,59.28,117.95,11544,1204.27,Generated,Pending Review,True,False
REC0000498,2026-08-01,CUST000498,SO0015,FR007,85.78999999999999,21.45,5,1,-4,4,208,1289.6,79.04,157.27,15392,1605.73,Generated,Pending Review,True,False
REC0000499,2026-08-01,CUST000499,SO0038,FR011,298.53,74.63,3,2,-1,1,52,322.4,19.76,39.32,3848,401.46,Generated,Pending Review,True,False
REC0000500,2026-08-01,CUST000500,SO0044,FR007,90.59,22.65,1,1,0,0,0,0.0,0.0,0.0,0,0.0,Generated,Pending Review,True,False
