purchase_order_number,purchase_order_line_number,invoice_number,purchase_timestamp,vehicle_id,sales_organization_id,vendor_id,vendor_name,fuel_type,gallons_purchased,fuel_unit_price,fuel_purchase_cost,odometer_reading
FPO00000001,1,FINV00000001,2024-01-05 07:41:00,VEH00001,SO0001,VENDOR009,Fuel Vendor 003,Diesel,28.422,3.8238,108.68,97868.62
FPO00000002,1,FINV00000002,2024-01-09 05:15:00,VEH00001,SO0001,VENDOR010,Fuel Vendor 018,Diesel,71.44,4.1439,296.04,97873.83
FPO00000003,1,FINV00000003,2024-01-10 08:05:00,VEH00001,SO0001,VENDOR018,Fuel Vendor 001,Diesel,56.552,3.8296,216.57,97882.41
FPO00000004,1,FINV00000004,2024-01-10 11:33:00,VEH00001,SO0001,VENDOR010,Fuel Vendor 014,Diesel,31.246,3.453,107.89,97889.81
FPO00000005,1,FINV00000005,2024-01-20 17:25:00,VEH00001,SO0001,VENDOR008,Fuel Vendor 019,Diesel,47.315,3.8435,181.86,97894.5
FPO00000006,1,FINV00000006,2024-02-10 14:32:00,VEH00001,SO0001,VENDOR005,Fuel Vendor 012,Diesel,83.997,3.767,316.42,97898.67
FPO00000007,1,FINV00000007,2024-02-12 12:24:00,VEH00001,SO0001,VENDOR020,Fuel Vendor 017,Diesel,32.732,4.5128,147.71,97905.93
FPO00000008,1,FINV00000008,2024-02-13 14:35:00,VEH00001,SO0001,VENDOR005,Fuel Vendor 013,Diesel,31.55,3.369,106.29,97911.53
FPO00000009,1,FINV00000009,2024-02-20 13:30:00,VEH00001,SO0001,VENDOR018,Fuel Vendor 013,Diesel,24.275,4.1201,100.02,97918.5
FPO00000010,1,FINV00000010,2024-02-21 08:28:00,VEH00001,SO0001,VENDOR001,Fuel Vendor 010,Diesel,66.789,4.3911,293.28,97922.67
FPO00000011,1,FINV00000011,2024-02-22 08:58:00,VEH00001,SO0001,VENDOR010,Fuel Vendor 003,Diesel,52.09,3.5389,184.34,97929.14
FPO00000012,1,FINV00000012,2024-03-02 12:50:00,VEH00001,SO0001,VENDOR013,Fuel Vendor 018,Diesel,74.685,4.7829,357.21,97933.52
FPO00000013,1,FINV00000013,2024-03-05 14:21:00,VEH00001,SO0001,VENDOR007,Fuel Vendor 005,Diesel,47.982,3.5187,168.83,97939.72
FPO00000014,1,FINV00000014,2024-03-07 05:15:00,VEH00001,SO0001,VENDOR013,Fuel Vendor 020,Diesel,65.484,4.3245,283.19,97944.43
FPO00000015,1,FINV00000015,2024-03-09 11:17:00,VEH00001,SO0001,VENDOR005,Fuel Vendor 017,Diesel,78.531,4.3071,338.24,97950.63
FPO00000016,1,FINV00000016,2024-03-11 15:12:00,VEH00001,SO0001,VENDOR020,Fuel Vendor 015,Diesel,45.356,4.3085,195.42,97957.34
FPO00000017,1,FINV00000017,2024-03-14 18:16:00,VEH00001,SO0001,VENDOR010,Fuel Vendor 010,Diesel,68.301,4.7549,324.76,97962.0
FPO00000018,1,FINV00000018,2024-03-17 15:57:00,VEH00001,SO0001,VENDOR014,Fuel Vendor 009,Diesel,56.362,4.4968,253.45,97966.38
FPO00000019,1,FINV00000019,2024-03-22 13:39:00,VEH00001,SO0001,VENDOR012,Fuel Vendor 020,Diesel,52.95,3.3287,176.25,97970.74
FPO00000020,1,FINV00000020,2024-03-26 18:09:00,VEH00001,SO0001,VENDOR017,Fuel Vendor 004,Diesel,40.192,4.2721,171.7,97975.66
FPO00000021,1,FINV00000021,2024-03-28 14:30:00,VEH00001,SO0001,VENDOR010,Fuel Vendor 018,Diesel,86.068,3.8337,329.96,97979.83
FPO00000022,1,FINV00000022,2024-04-11 14:17:00,VEH00001,SO0001,VENDOR017,Fuel Vendor 017,Diesel,26.889,4.6333,124.58,97986.83
FPO00000023,1,FINV00000023,2024-04-13 17:18:00,VEH00001,SO0001,VENDOR016,Fuel Vendor 014,Diesel,89.132,3.2015,285.36,97992.66
FPO00000024,1,FINV00000024,2024-04-24 07:37:00,VEH00001,SO0001,VENDOR001,Fuel Vendor 011,Diesel,21.031,4.5423,95.53,97996.96
FPO00000025,1,FINV00000025,2024-04-30 07:40:00,VEH00001,SO0001,VENDOR018,Fuel Vendor 005,Diesel,24.658,3.5405,87.3,98003.58
FPO00000026,1,FINV00000026,2024-05-08 16:59:00,VEH00001,SO0001,VENDOR001,Fuel Vendor 010,Diesel,46.33,3.9312,182.13,98008.13
FPO00000027,1,FINV00000027,2024-05-15 16:28:00,VEH00001,SO0001,VENDOR005,Fuel Vendor 004,Diesel,68.805,4.5903,315.84,98012.22
FPO00000028,1,FINV00000028,2024-06-04 11:28:00,VEH00001,SO0001,VENDOR014,Fuel Vendor 011,Diesel,68.533,4.8028,329.15,98018.37
FPO00000029,1,FINV00000029,2024-06-11 19:05:00,VEH00001,SO0001,VENDOR019,Fuel Vendor 015,Diesel,47.369,4.3597,206.51,98024.26
FPO00000030,1,FINV00000030,2024-06-15 14:41:00,VEH00001,SO0001,VENDOR017,Fuel Vendor 012,Diesel,32.163,3.9116,125.81,98028.99
FPO00000031,1,FINV00000031,2024-06-15 18:08:00,VEH00001,SO0001,VENDOR001,Fuel Vendor 017,Diesel,36.54,4.7649,174.11,98034.66
FPO00000032,1,FINV00000032,2024-06-16 10:20:00,VEH00001,SO0001,VENDOR010,Fuel Vendor 017,Diesel,43.554,3.1431,136.89,98040.85
FPO00000033,1,FINV00000033,2024-06-19 14:52:00,VEH00001,SO0001,VENDOR019,Fuel Vendor 019,Diesel,86.758,4.0292,349.57,98045.07
FPO00000034,1,FINV00000034,2024-06-22 08:00:00,VEH00001,SO0001,VENDOR019,Fuel Vendor 011,Diesel,35.115,4.1881,147.07,98051.9
FPO00000035,1,FINV00000035,2024-06-24 07:28:00,VEH00001,SO0001,VENDOR006,Fuel Vendor 019,Diesel,20.313,4.7053,95.58,98058.5
FPO00000036,1,FINV00000036,2024-06-24 09:03:00,VEH00001,SO0001,VENDOR020,Fuel Vendor 006,Diesel,88.325,3.9424,348.21,98063.0
FPO00000037,1,FINV00000037,2024-06-27 08:56:00,VEH00001,SO0001,VENDOR001,Fuel Vendor 013,Diesel,47.355,3.4334,162.59,98067.37
FPO00000038,1,FINV00000038,2024-06-29 12:45:00,VEH00001,SO0001,VENDOR002,Fuel Vendor 007,Diesel,18.516,4.0237,74.5,98071.77
FPO00000039,1,FINV00000039,2024-07-01 18:27:00,VEH00001,SO0001,VENDOR020,Fuel Vendor 010,Diesel,45.159,3.5394,159.84,98078.19
FPO00000040,1,FINV00000040,2024-07-14 07:02:00,VEH00001,SO0001,VENDOR001,Fuel Vendor 019,Diesel,87.715,4.2482,372.63,98084.27
FPO00000041,1,FINV00000041,2024-07-19 11:51:00,VEH00001,SO0001,VENDOR003,Fuel Vendor 017,Diesel,35.518,3.2701,116.15,98089.36
FPO00000042,1,FINV00000042,2024-07-29 18:06:00,VEH00001,SO0001,VENDOR006,Fuel Vendor 019,Diesel,61.544,4.0318,248.13,98097.03
FPO00000043,1,FINV00000043,2024-08-04 12:14:00,VEH00001,SO0001,VENDOR020,Fuel Vendor 004,Diesel,60.331,4.5518,274.61,98102.01
FPO00000044,1,FINV00000044,2024-08-04 12:56:00,VEH00001,SO0001,VENDOR008,Fuel Vendor 018,Diesel,74.267,4.3242,321.15,98108.54
FPO00000045,1,FINV00000045,2024-08-06 05:46:00,VEH00001,SO0001,VENDOR009,Fuel Vendor 017,Diesel,43.13,4.5883,197.89,98112.45
FPO00000046,1,FINV00000046,2024-08-07 19:09:00,VEH00001,SO0001,VENDOR001,Fuel Vendor 016,Diesel,73.451,3.584,263.25,98120.64
FPO00000047,1,FINV00000047,2024-08-08 19:37:00,VEH00001,SO0001,VENDOR019,Fuel Vendor 002,Diesel,89.74,4.6326,415.73,98124.65
FPO00000048,1,FINV00000048,2024-08-19 09:13:00,VEH00001,SO0001,VENDOR019,Fuel Vendor 016,Diesel,42.984,4.2519,182.76,98130.65
FPO00000049,1,FINV00000049,2024-08-27 16:49:00,VEH00001,SO0001,VENDOR015,Fuel Vendor 003,Diesel,86.291,3.9217,338.41,98137.51
FPO00000050,1,FINV00000050,2024-08-31 08:27:00,VEH00001,SO0001,VENDOR010,Fuel Vendor 008,Diesel,86.656,3.3799,292.89,98144.68
FPO00000051,1,FINV00000051,2024-09-07 08:56:00,VEH00001,SO0001,VENDOR003,Fuel Vendor 005,Diesel,19.153,3.3018,63.24,98149.89
FPO00000052,1,FINV00000052,2024-09-09 15:10:00,VEH00001,SO0001,VENDOR015,Fuel Vendor 010,Diesel,76.449,4.4858,342.93,98154.97
FPO00000053,1,FINV00000053,2024-09-12 13:47:00,VEH00001,SO0001,VENDOR011,Fuel Vendor 008,Diesel,38.898,3.4412,133.86,98161.49
FPO00000054,1,FINV00000054,2024-09-14 09:07:00,VEH00001,SO0001,VENDOR013,Fuel Vendor 012,Diesel,66.756,3.8934,259.91,98166.47
FPO00000055,1,FINV00000055,2024-09-17 19:20:00,VEH00001,SO0001,VENDOR019,Fuel Vendor 012,Diesel,26.47,3.4897,92.37,98172.96
FPO00000056,1,FINV00000056,2024-09-17 16:05:00,VEH00001,SO0001,VENDOR016,Fuel Vendor 009,Diesel,31.388,4.5372,142.41,98177.88
FPO00000057,1,FINV00000057,2024-09-29 14:55:00,VEH00001,SO0001,VENDOR009,Fuel Vendor 002,Diesel,52.219,3.9433,205.92,98183.58
FPO00000058,1,FINV00000058,2024-10-01 17:36:00,VEH00001,SO0001,VENDOR011,Fuel Vendor 019,Diesel,83.273,4.0561,337.76,98188.91
FPO00000059,1,FINV00000059,2024-10-01 12:13:00,VEH00001,SO0001,VENDOR008,Fuel Vendor 010,Diesel,35.49,4.1814,148.4,98193.46
FPO00000060,1,FINV00000060,2024-10-18 06:51:00,VEH00001,SO0001,VENDOR017,Fuel Vendor 007,Diesel,46.519,3.7066,172.43,98200.14
FPO00000061,1,FINV00000061,2024-10-21 19:11:00,VEH00001,SO0001,VENDOR018,Fuel Vendor 015,Diesel,50.044,3.8447,192.4,98207.76
FPO00000062,1,FINV00000062,2024-10-29 14:28:00,VEH00001,SO0001,VENDOR012,Fuel Vendor 005,Diesel,73.357,4.108,301.35,98212.52
FPO00000063,1,FINV00000063,2024-11-15 08:17:00,VEH00001,SO0001,VENDOR002,Fuel Vendor 009,Diesel,69.941,4.6849,327.67,98218.85
FPO00000064,1,FINV00000064,2024-11-22 13:16:00,VEH00001,SO0001,VENDOR015,Fuel Vendor 006,Diesel,80.048,4.029,322.51,98225.6
FPO00000065,1,FINV00000065,2024-11-27 14:36:00,VEH00001,SO0001,VENDOR010,Fuel Vendor 012,Diesel,48.683,4.2886,208.78,98232.62
FPO00000066,1,FINV00000066,2024-12-02 12:05:00,VEH00001,SO0001,VENDOR002,Fuel Vendor 004,Diesel,47.118,3.8569,181.73,98236.69
FPO00000067,1,FINV00000067,2024-12-02 19:05:00,VEH00001,SO0001,VENDOR005,Fuel Vendor 011,Diesel,39.36,3.1384,123.53,98244.5
FPO00000068,1,FINV00000068,2024-12-06 08:47:00,VEH00001,SO0001,VENDOR005,Fuel Vendor 004,Diesel,40.82,3.5952,146.76,98251.3
FPO00000069,1,FINV00000069,2024-12-08 13:21:00,VEH00001,SO0001,VENDOR001,Fuel Vendor 006,Diesel,58.267,3.287,191.52,98256.54
FPO00000070,1,FINV00000070,2024-12-09 05:49:00,VEH00001,SO0001,VENDOR017,Fuel Vendor 017,Diesel,43.4,4.4417,192.77,98265.36
FPO00000071,1,FINV00000071,2024-12-11 05:03:00,VEH00001,SO0001,VENDOR002,Fuel Vendor 001,Diesel,41.382,3.9114,161.86,98269.63
FPO00000072,1,FINV00000072,2024-12-17 09:18:00,VEH00001,SO0001,VENDOR004,Fuel Vendor 020,Diesel,73.36,4.3877,321.88,98276.62
FPO00000073,1,FINV00000073,2024-12-24 16:16:00,VEH00001,SO0001,VENDOR009,Fuel Vendor 013,Diesel,89.863,4.0465,363.63,98285.3
FPO00000074,1,FINV00000074,2024-12-24 05:43:00,VEH00001,SO0001,VENDOR014,Fuel Vendor 001,Diesel,40.541,4.2453,172.11,98290.74
FPO00000075,1,FINV00000075,2025-01-03 09:20:00,VEH00001,SO0001,VENDOR004,Fuel Vendor 002,Diesel,26.204,3.2513,85.2,98298.56
FPO00000076,1,FINV00000076,2025-01-04 16:49:00,VEH00001,SO0001,VENDOR003,Fuel Vendor 006,Diesel,75.131,4.4397,333.56,98303.21
FPO00000077,1,FINV00000077,2025-01-09 17:29:00,VEH00001,SO0001,VENDOR007,Fuel Vendor 011,Diesel,50.81,4.156,211.17,98307.97
FPO00000078,1,FINV00000078,2025-01-10 13:18:00,VEH00001,SO0001,VENDOR011,Fuel Vendor 013,Diesel,27.819,3.5615,99.08,98317.52
FPO00000079,1,FINV00000079,2025-01-11 14:32:00,VEH00001,SO0001,VENDOR008,Fuel Vendor 006,Diesel,22.372,4.5109,100.92,98323.94
FPO00000080,1,FINV00000080,2025-01-11 06:30:00,VEH00001,SO0001,VENDOR014,Fuel Vendor 016,Diesel,53.045,4.6565,247.0,98329.87
FPO00000081,1,FINV00000081,2025-01-11 19:35:00,VEH00001,SO0001,VENDOR012,Fuel Vendor 005,Diesel,87.509,4.1587,363.92,98335.96
FPO00000082,1,FINV00000082,2025-01-12 06:52:00,VEH00001,SO0001,VENDOR011,Fuel Vendor 003,Diesel,30.962,4.2899,132.82,98344.15
FPO00000083,1,FINV00000083,2025-01-16 08:19:00,VEH00001,SO0001,VENDOR002,Fuel Vendor 019,Diesel,50.807,3.1,157.5,98351.69
FPO00000084,1,FINV00000084,2025-02-01 11:37:00,VEH00001,SO0001,VENDOR018,Fuel Vendor 007,Diesel,78.382,3.1404,246.15,98357.88
FPO00000085,1,FINV00000085,2025-02-08 06:02:00,VEH00001,SO0001,VENDOR016,Fuel Vendor 005,Diesel,18.562,4.7073,87.38,98362.95
FPO00000086,1,FINV00000086,2025-02-13 05:42:00,VEH00001,SO0001,VENDOR007,Fuel Vendor 006,Diesel,33.85,4.8156,163.01,98370.61
FPO00000087,1,FINV00000087,2025-02-13 05:03:00,VEH00001,SO0001,VENDOR003,Fuel Vendor 013,Diesel,20.914,4.8119,100.64,98386.81
FPO00000088,1,FINV00000088,2025-02-14 19:30:00,VEH00001,SO0001,VENDOR006,Fuel Vendor 001,Diesel,68.957,3.1474,217.04,98392.59
FPO00000089,1,FINV00000089,2025-02-15 10:13:00,VEH00001,SO0001,VENDOR019,Fuel Vendor 018,Diesel,27.843,3.6608,101.93,98400.29
FPO00000090,1,FINV00000090,2025-03-02 06:00:00,VEH00001,SO0001,VENDOR004,Fuel Vendor 009,Diesel,68.086,4.3061,293.19,98406.74
FPO00000091,1,FINV00000091,2025-03-07 15:36:00,VEH00001,SO0001,VENDOR007,Fuel Vendor 003,Diesel,57.47,3.4992,201.1,98413.8
FPO00000092,1,FINV00000092,2025-03-11 13:29:00,VEH00001,SO0001,VENDOR017,Fuel Vendor 009,Diesel,73.482,3.9764,292.19,98418.67
FPO00000093,1,FINV00000093,2025-03-18 10:52:00,VEH00001,SO0001,VENDOR007,Fuel Vendor 010,Diesel,67.941,3.5798,243.22,98425.64
FPO00000094,1,FINV00000094,2025-03-21 18:09:00,VEH00001,SO0001,VENDOR014,Fuel Vendor 008,Diesel,52.591,3.6173,190.24,98432.39
FPO00000095,1,FINV00000095,2025-04-03 10:24:00,VEH00001,SO0001,VENDOR017,Fuel Vendor 005,Diesel,72.659,3.5849,260.48,98437.03
FPO00000096,1,FINV00000096,2025-04-05 09:33:00,VEH00001,SO0001,VENDOR018,Fuel Vendor 010,Diesel,55.883,3.2766,183.11,98443.27
FPO00000097,1,FINV00000097,2025-04-05 08:07:00,VEH00001,SO0001,VENDOR001,Fuel Vendor 002,Diesel,41.005,3.421,140.28,98450.68
FPO00000098,1,FINV00000098,2025-04-05 12:21:00,VEH00001,SO0001,VENDOR015,Fuel Vendor 006,Diesel,30.325,3.7705,114.34,98462.77
FPO00000099,1,FINV00000099,2025-04-22 10:22:00,VEH00001,SO0001,VENDOR012,Fuel Vendor 004,Diesel,64.788,4.5098,292.18,98468.49
FPO00000100,1,FINV00000100,2025-05-07 05:01:00,VEH00001,SO0001,VENDOR019,Fuel Vendor 011,Diesel,39.557,4.1815,165.41,98474.84
FPO00000101,1,FINV00000101,2025-05-07 13:00:00,VEH00001,SO0001,VENDOR003,Fuel Vendor 019,Diesel,45.236,3.2903,148.84,98479.2
FPO00000102,1,FINV00000102,2025-05-07 18:58:00,VEH00001,SO0001,VENDOR009,Fuel Vendor 012,Diesel,34.092,4.8046,163.8,98486.85
FPO00000103,1,FINV00000103,2025-05-09 07:44:00,VEH00001,SO0001,VENDOR012,Fuel Vendor 010,Diesel,40.418,3.6949,149.34,98492.05
FPO00000104,1,FINV00000104,2025-05-11 17:09:00,VEH00001,SO0001,VENDOR010,Fuel Vendor 018,Diesel,46.237,3.1566,145.95,98497.49
FPO00000105,1,FINV00000105,2025-05-29 18:01:00,VEH00001,SO0001,VENDOR012,Fuel Vendor 020,Diesel,81.329,3.7888,308.14,98501.3
FPO00000106,1,FINV00000106,2025-06-15 16:37:00,VEH00001,SO0001,VENDOR014,Fuel Vendor 004,Diesel,73.395,4.6076,338.17,98508.76
FPO00000107,1,FINV00000107,2025-06-16 11:49:00,VEH00001,SO0001,VENDOR005,Fuel Vendor 015,Diesel,22.246,3.601,80.11,98514.21
FPO00000108,1,FINV00000108,2025-06-21 13:11:00,VEH00001,SO0001,VENDOR017,Fuel Vendor 008,Diesel,33.757,3.8993,131.63,98521.47
FPO00000109,1,FINV00000109,2025-07-07 16:32:00,VEH00001,SO0001,VENDOR017,Fuel Vendor 001,Diesel,23.694,3.6735,87.04,98528.86
FPO00000110,1,FINV00000110,2025-07-09 17:57:00,VEH00001,SO0001,VENDOR008,Fuel Vendor 017,Diesel,59.803,4.2544,254.43,98534.57
FPO00000111,1,FINV00000111,2025-07-16 19:50:00,VEH00001,SO0001,VENDOR010,Fuel Vendor 010,Diesel,32.639,4.3341,141.46,98541.71
FPO00000112,1,FINV00000112,2025-07-22 15:33:00,VEH00001,SO0001,VENDOR011,Fuel Vendor 004,Diesel,32.308,3.2698,105.64,98550.2
FPO00000113,1,FINV00000113,2025-07-24 07:27:00,VEH00001,SO0001,VENDOR003,Fuel Vendor 007,Diesel,45.474,3.5503,161.45,98556.39
FPO00000114,1,FINV00000114,2025-07-26 06:35:00,VEH00001,SO0001,VENDOR020,Fuel Vendor 015,Diesel,32.351,3.56,115.17,98564.55
FPO00000115,1,FINV00000115,2025-07-30 11:49:00,VEH00001,SO0001,VENDOR001,Fuel Vendor 013,Diesel,71.483,4.2543,304.11,98569.16
FPO00000116,1,FINV00000116,2025-08-05 14:56:00,VEH00001,SO0001,VENDOR004,Fuel Vendor 011,Diesel,31.526,4.7076,148.41,98576.7
FPO00000117,1,FINV00000117,2025-08-08 16:49:00,VEH00001,SO0001,VENDOR011,Fuel Vendor 010,Diesel,84.764,4.7245,400.47,98581.09
FPO00000118,1,FINV00000118,2025-08-08 18:47:00,VEH00001,SO0001,VENDOR007,Fuel Vendor 008,Diesel,63.647,3.8391,244.35,98586.78
FPO00000119,1,FINV00000119,2025-08-09 10:44:00,VEH00001,SO0001,VENDOR001,Fuel Vendor 007,Diesel,74.11,4.2593,315.66,98591.0
FPO00000120,1,FINV00000120,2025-08-11 17:41:00,VEH00001,SO0001,VENDOR015,Fuel Vendor 020,Diesel,57.308,3.859,221.15,98595.41
FPO00000121,1,FINV00000121,2025-08-15 10:18:00,VEH00001,SO0001,VENDOR011,Fuel Vendor 010,Diesel,25.734,4.6272,119.08,98600.08
FPO00000122,1,FINV00000122,2025-08-22 19:49:00,VEH00001,SO0001,VENDOR020,Fuel Vendor 017,Diesel,66.273,4.097,271.52,98605.76
FPO00000123,1,FINV00000123,2025-08-23 10:30:00,VEH00001,SO0001,VENDOR011,Fuel Vendor 004,Diesel,25.027,3.1999,80.08,98610.79
FPO00000124,1,FINV00000124,2025-08-24 08:10:00,VEH00001,SO0001,VENDOR012,Fuel Vendor 015,Diesel,30.966,3.202,99.15,98617.32
FPO00000125,1,FINV00000125,2025-08-28 16:51:00,VEH00001,SO0001,VENDOR001,Fuel Vendor 020,Diesel,27.097,4.0918,110.88,98623.23
FPO00000126,1,FINV00000126,2025-08-31 06:44:00,VEH00001,SO0001,VENDOR005,Fuel Vendor 016,Diesel,85.007,4.2138,358.2,98627.79
FPO00000127,1,FINV00000127,2025-09-04 17:45:00,VEH00001,SO0001,VENDOR014,Fuel Vendor 009,Diesel,61.08,4.5732,279.33,98634.16
FPO00000128,1,FINV00000128,2025-09-11 18:02:00,VEH00001,SO0001,VENDOR015,Fuel Vendor 020,Diesel,51.105,4.3802,223.85,98640.42
FPO00000129,1,FINV00000129,2025-09-20 06:13:00,VEH00001,SO0001,VENDOR016,Fuel Vendor 017,Diesel,77.558,3.2562,252.54,98648.2
FPO00000130,1,FINV00000130,2025-09-21 09:03:00,VEH00001,SO0001,VENDOR008,Fuel Vendor 007,Diesel,57.08,4.32,246.59,98652.18
FPO00000131,1,FINV00000131,2025-10-17 13:47:00,VEH00001,SO0001,VENDOR003,Fuel Vendor 006,Diesel,56.901,4.4985,255.97,98657.48
FPO00000132,1,FINV00000132,2025-10-21 07:50:00,VEH00001,SO0001,VENDOR001,Fuel Vendor 010,Diesel,58.86,3.807,224.08,98661.1
FPO00000133,1,FINV00000133,2025-10-25 14:57:00,VEH00001,SO0001,VENDOR005,Fuel Vendor 008,Diesel,37.971,3.7897,143.9,98668.45
FPO00000134,1,FINV00000134,2025-10-27 19:18:00,VEH00001,SO0001,VENDOR013,Fuel Vendor 015,Diesel,19.646,4.7141,92.61,98675.86
FPO00000135,1,FINV00000135,2025-10-29 12:56:00,VEH00001,SO0001,VENDOR009,Fuel Vendor 019,Diesel,22.77,3.1722,72.23,98679.7
FPO00000136,1,FINV00000136,2025-10-30 19:07:00,VEH00001,SO0001,VENDOR005,Fuel Vendor 001,Diesel,79.959,3.4474,275.65,98686.6
FPO00000137,1,FINV00000137,2025-11-08 08:07:00,VEH00001,SO0001,VENDOR020,Fuel Vendor 015,Diesel,51.04,4.613,235.45,98691.97
FPO00000138,1,FINV00000138,2025-11-14 12:34:00,VEH00001,SO0001,VENDOR007,Fuel Vendor 020,Diesel,27.902,3.1197,87.05,98696.4
FPO00000139,1,FINV00000139,2025-11-28 11:47:00,VEH00001,SO0001,VENDOR009,Fuel Vendor 008,Diesel,53.95,4.4792,241.65,98702.34
FPO00000140,1,FINV00000140,2025-11-29 05:28:00,VEH00001,SO0001,VENDOR011,Fuel Vendor 007,Diesel,58.159,3.5739,207.85,98709.84
FPO00000141,1,FINV00000141,2025-11-29 07:18:00,VEH00001,SO0001,VENDOR010,Fuel Vendor 013,Diesel,54.174,3.684,199.58,98714.63
FPO00000142,1,FINV00000142,2025-12-06 08:19:00,VEH00001,SO0001,VENDOR005,Fuel Vendor 009,Diesel,33.328,3.698,123.25,98721.03
FPO00000143,1,FINV00000143,2025-12-12 10:35:00,VEH00001,SO0001,VENDOR008,Fuel Vendor 008,Diesel,76.457,3.8627,295.33,98725.87
FPO00000144,1,FINV00000144,2025-12-12 05:11:00,VEH00001,SO0001,VENDOR020,Fuel Vendor 011,Diesel,82.43,3.6114,297.69,98732.51
FPO00000145,1,FINV00000145,2025-12-15 15:15:00,VEH00001,SO0001,VENDOR018,Fuel Vendor 011,Diesel,51.034,3.7219,189.94,98737.18
FPO00000146,1,FINV00000146,2025-12-21 10:42:00,VEH00001,SO0001,VENDOR014,Fuel Vendor 016,Diesel,58.414,4.1803,244.19,98742.95
FPO00000147,1,FINV00000147,2025-12-21 19:53:00,VEH00001,SO0001,VENDOR013,Fuel Vendor 018,Diesel,88.386,3.4723,306.9,98750.18
FPO00000148,1,FINV00000148,2025-12-27 05:49:00,VEH00001,SO0001,VENDOR004,Fuel Vendor 015,Diesel,78.35,3.7839,296.47,98755.23
FPO00000149,1,FINV00000149,2025-12-28 09:05:00,VEH00001,SO0001,VENDOR019,Fuel Vendor 003,Diesel,47.301,3.1669,149.8,98761.92
FPO00000150,1,FINV00000150,2026-01-15 10:36:00,VEH00001,SO0001,VENDOR006,Fuel Vendor 018,Diesel,86.988,3.922,341.17,98770.86
FPO00000151,1,FINV00000151,2026-01-19 11:17:00,VEH00001,SO0001,VENDOR004,Fuel Vendor 004,Diesel,31.285,4.5831,143.38,98777.9
FPO00000152,1,FINV00000152,2026-01-21 11:40:00,VEH00001,SO0001,VENDOR016,Fuel Vendor 003,Diesel,23.811,3.5711,85.03,98783.32
FPO00000153,1,FINV00000153,2026-01-26 17:30:00,VEH00001,SO0001,VENDOR014,Fuel Vendor 016,Diesel,62.996,3.8877,244.91,98789.45
FPO00000154,1,FINV00000154,2026-01-29 10:46:00,VEH00001,SO0001,VENDOR006,Fuel Vendor 010,Diesel,49.335,3.7588,185.44,98795.09
FPO00000155,1,FINV00000155,2026-01-31 19:48:00,VEH00001,SO0001,VENDOR012,Fuel Vendor 018,Diesel,56.067,3.8704,217.0,98800.72
FPO00000156,1,FINV00000156,2026-02-02 19:47:00,VEH00001,SO0001,VENDOR011,Fuel Vendor 006,Diesel,18.709,4.1883,78.36,98807.01
FPO00000157,1,FINV00000157,2026-02-06 14:18:00,VEH00001,SO0001,VENDOR001,Fuel Vendor 005,Diesel,70.614,4.8259,340.78,98815.08
FPO00000158,1,FINV00000158,2026-02-08 18:19:00,VEH00001,SO0001,VENDOR011,Fuel Vendor 019,Diesel,18.422,3.3472,61.66,98822.41
FPO00000159,1,FINV00000159,2026-02-09 08:52:00,VEH00001,SO0001,VENDOR004,Fuel Vendor 005,Diesel,33.855,3.9204,132.73,98826.84
FPO00000160,1,FINV00000160,2026-02-10 05:11:00,VEH00001,SO0001,VENDOR010,Fuel Vendor 005,Diesel,22.059,4.2906,94.65,98832.35
FPO00000161,1,FINV00000161,2026-02-11 07:23:00,VEH00001,SO0001,VENDOR015,Fuel Vendor 016,Diesel,80.152,4.7945,384.29,98840.31
FPO00000162,1,FINV00000162,2026-02-12 07:25:00,VEH00001,SO0001,VENDOR003,Fuel Vendor 005,Diesel,29.622,4.0143,118.91,98845.68
FPO00000163,1,FINV00000163,2026-02-16 10:25:00,VEH00001,SO0001,VENDOR019,Fuel Vendor 003,Diesel,49.256,4.6488,228.98,98853.47
FPO00000164,1,FINV00000164,2026-02-18 18:08:00,VEH00001,SO0001,VENDOR014,Fuel Vendor 019,Diesel,87.266,3.3733,294.37,98860.74
FPO00000165,1,FINV00000165,2026-02-19 11:56:00,VEH00001,SO0001,VENDOR019,Fuel Vendor 019,Diesel,82.906,3.7115,307.71,98866.62
FPO00000166,1,FINV00000166,2026-02-22 07:57:00,VEH00001,SO0001,VENDOR018,Fuel Vendor 019,Diesel,51.019,4.5444,231.85,98874.33
FPO00000167,1,FINV00000167,2026-03-02 10:35:00,VEH00001,SO0001,VENDOR015,Fuel Vendor 016,Diesel,73.054,4.2324,309.19,98882.67
FPO00000168,1,FINV00000168,2026-03-12 16:18:00,VEH00001,SO0001,VENDOR009,Fuel Vendor 020,Diesel,57.856,3.5443,205.06,98889.26
FPO00000169,1,FINV00000169,2026-04-08 17:31:00,VEH00001,SO0001,VENDOR020,Fuel Vendor 010,Diesel,66.324,3.5638,236.37,98893.4
FPO00000170,1,FINV00000170,2026-04-11 07:59:00,VEH00001,SO0001,VENDOR008,Fuel Vendor 008,Diesel,54.849,3.9193,214.97,98899.22
FPO00000171,1,FINV00000171,2026-04-14 07:34:00,VEH00001,SO0001,VENDOR020,Fuel Vendor 020,Diesel,27.636,3.5717,98.71,98905.5
FPO00000172,1,FINV00000172,2026-04-22 14:49:00,VEH00001,SO0001,VENDOR006,Fuel Vendor 014,Diesel,68.225,3.4032,232.18,98909.93
FPO00000173,1,FINV00000173,2026-04-23 11:05:00,VEH00001,SO0001,VENDOR019,Fuel Vendor 016,Diesel,45.65,4.5709,208.66,98913.75
FPO00000174,1,FINV00000174,2026-04-25 07:58:00,VEH00001,SO0001,VENDOR011,Fuel Vendor 017,Diesel,19.768,3.8682,76.47,98920.53
FPO00000175,1,FINV00000175,2026-04-30 09:10:00,VEH00001,SO0001,VENDOR016,Fuel Vendor 004,Diesel,19.578,3.6565,71.59,98923.9
FPO00000176,1,FINV00000176,2026-05-03 11:02:00,VEH00001,SO0001,VENDOR005,Fuel Vendor 010,Diesel,31.56,4.6139,145.61,98927.77
FPO00000177,1,FINV00000177,2026-05-03 14:00:00,VEH00001,SO0001,VENDOR010,Fuel Vendor 010,Diesel,39.072,4.0245,157.25,98933.89
FPO00000178,1,FINV00000178,2026-05-06 15:59:00,VEH00001,SO0001,VENDOR006,Fuel Vendor 014,Diesel,49.5,3.1993,158.37,98941.36
FPO00000179,1,FINV00000179,2026-05-09 18:35:00,VEH00001,SO0001,VENDOR017,Fuel Vendor 011,Diesel,51.115,4.3922,224.51,98945.83
FPO00000180,1,FINV00000180,2026-05-14 15:52:00,VEH00001,SO0001,VENDOR002,Fuel Vendor 010,Diesel,83.779,4.8144,403.35,98953.89
FPO00000181,1,FINV00000181,2026-05-17 16:23:00,VEH00001,SO0001,VENDOR002,Fuel Vendor 008,Diesel,50.821,3.306,168.01,98960.39
FPO00000182,1,FINV00000182,2026-06-02 08:23:00,VEH00001,SO0001,VENDOR002,Fuel Vendor 010,Diesel,18.105,4.6952,85.01,98967.96
FPO00000183,1,FINV00000183,2026-06-07 18:26:00,VEH00001,SO0001,VENDOR009,Fuel Vendor 008,Diesel,83.08,3.3967,282.2,98973.21
FPO00000184,1,FINV00000184,2026-06-10 19:55:00,VEH00001,SO0001,VENDOR010,Fuel Vendor 014,Diesel,46.601,4.7804,222.77,98978.26
FPO00000185,1,FINV00000185,2026-06-11 13:42:00,VEH00001,SO0001,VENDOR010,Fuel Vendor 011,Diesel,51.444,3.3703,173.38,98984.38
FPO00000186,1,FINV00000186,2026-06-13 12:11:00,VEH00001,SO0001,VENDOR017,Fuel Vendor 006,Diesel,86.539,4.6024,398.29,98989.09
FPO00000187,1,FINV00000187,2026-06-21 06:15:00,VEH00001,SO0001,VENDOR016,Fuel Vendor 014,Diesel,26.036,4.577,119.17,98993.86
FPO00000188,1,FINV00000188,2026-06-23 13:01:00,VEH00001,SO0001,VENDOR001,Fuel Vendor 008,Diesel,42.047,4.254,178.87,98999.49
FPO00000189,1,FINV00000189,2026-06-30 15:14:00,VEH00001,SO0001,VENDOR001,Fuel Vendor 009,Diesel,33.236,4.3286,143.87,99003.6
FPO00000190,1,FINV00000190,2026-07-03 19:21:00,VEH00001,SO0001,VENDOR015,Fuel Vendor 012,Diesel,38.999,3.1296,122.05,99009.22
FPO00000191,1,FINV00000191,2026-07-06 10:15:00,VEH00001,SO0001,VENDOR009,Fuel Vendor 006,Diesel,26.281,3.3699,88.56,99014.7
FPO00000192,1,FINV00000192,2026-07-06 08:55:00,VEH00001,SO0001,VENDOR016,Fuel Vendor 007,Diesel,80.34,4.8347,388.42,99020.17
FPO00000193,1,FINV00000193,2026-07-08 15:39:00,VEH00001,SO0001,VENDOR009,Fuel Vendor 020,Diesel,89.371,4.6463,415.24,99026.66
FPO00000194,1,FINV00000194,2026-07-10 17:44:00,VEH00001,SO0001,VENDOR017,Fuel Vendor 011,Diesel,54.057,3.9659,214.38,99031.48
FPO00000195,1,FINV00000195,2026-07-11 16:32:00,VEH00001,SO0001,VENDOR017,Fuel Vendor 013,Diesel,54.007,4.1352,223.33,99039.3
FPO00000196,1,FINV00000196,2026-07-18 07:58:00,VEH00001,SO0001,VENDOR017,Fuel Vendor 017,Diesel,19.759,3.6373,71.87,99047.37
FPO00000197,1,FINV00000197,2026-07-20 18:08:00,VEH00001,SO0001,VENDOR012,Fuel Vendor 006,Diesel,82.974,3.9276,325.89,99051.24
FPO00000198,1,FINV00000198,2026-07-22 06:35:00,VEH00001,SO0001,VENDOR010,Fuel Vendor 004,Diesel,50.28,4.0097,201.61,99059.04
FPO00000199,1,FINV00000199,2024-01-02 16:51:00,VEH00002,SO0001,VENDOR006,Fuel Vendor 020,Diesel,42.235,3.6021,152.13,120608.91
FPO00000200,1,FINV00000200,2024-01-13 08:36:00,VEH00002,SO0001,VENDOR018,Fuel Vendor 014,Diesel,59.454,3.7029,220.15,120614.0
FPO00000201,1,FINV00000201,2024-01-16 07:11:00,VEH00002,SO0001,VENDOR008,Fuel Vendor 009,Diesel,26.775,3.3108,88.65,120622.61
FPO00000202,1,FINV00000202,2024-01-18 12:50:00,VEH00002,SO0001,VENDOR013,Fuel Vendor 004,Diesel,41.154,3.2493,133.72,120630.73
FPO00000203,1,FINV00000203,2024-01-27 17:00:00,VEH00002,SO0001,VENDOR018,Fuel Vendor 010,Diesel,84.496,3.1857,269.18,120636.9
FPO00000204,1,FINV00000204,2024-01-31 10:49:00,VEH00002,SO0001,VENDOR016,Fuel Vendor 003,Diesel,87.366,4.6654,407.6,120642.21
FPO00000205,1,FINV00000205,2024-01-31 14:44:00,VEH00002,SO0001,VENDOR009,Fuel Vendor 009,Diesel,72.541,4.7748,346.37,120646.47
FPO00000206,1,FINV00000206,2024-01-31 09:10:00,VEH00002,SO0001,VENDOR014,Fuel Vendor 008,Diesel,41.397,4.6298,191.66,120652.45
FPO00000207,1,FINV00000207,2024-02-11 13:00:00,VEH00002,SO0001,VENDOR014,Fuel Vendor 010,Diesel,75.995,4.2466,322.72,120659.27
FPO00000208,1,FINV00000208,2024-02-18 15:18:00,VEH00002,SO0001,VENDOR015,Fuel Vendor 012,Diesel,51.594,4.7122,243.12,120665.31
FPO00000209,1,FINV00000209,2024-02-21 06:14:00,VEH00002,SO0001,VENDOR004,Fuel Vendor 008,Diesel,23.835,3.7383,89.1,120671.49
FPO00000210,1,FINV00000210,2024-03-09 16:15:00,VEH00002,SO0001,VENDOR015,Fuel Vendor 015,Diesel,83.158,4.6966,390.56,120680.59
FPO00000211,1,FINV00000211,2024-03-11 08:02:00,VEH00002,SO0001,VENDOR008,Fuel Vendor 011,Diesel,32.382,4.8026,155.52,120687.55
FPO00000212,1,FINV00000212,2024-03-15 06:26:00,VEH00002,SO0001,VENDOR002,Fuel Vendor 013,Diesel,89.04,4.7062,419.04,120694.72
FPO00000213,1,FINV00000213,2024-03-20 14:32:00,VEH00002,SO0001,VENDOR019,Fuel Vendor 018,Diesel,84.09,4.0525,340.77,120698.75
FPO00000214,1,FINV00000214,2024-03-22 10:17:00,VEH00002,SO0001,VENDOR004,Fuel Vendor 020,Diesel,18.122,4.7157,85.46,120702.59
FPO00000215,1,FINV00000215,2024-03-25 14:28:00,VEH00002,SO0001,VENDOR002,Fuel Vendor 018,Diesel,60.591,4.6046,279.0,120710.28
FPO00000216,1,FINV00000216,2024-03-27 11:32:00,VEH00002,SO0001,VENDOR007,Fuel Vendor 013,Diesel,26.143,3.6904,96.48,120718.45
FPO00000217,1,FINV00000217,2024-04-04 07:54:00,VEH00002,SO0001,VENDOR018,Fuel Vendor 013,Diesel,78.366,4.3888,343.93,120722.2
FPO00000218,1,FINV00000218,2024-04-14 06:10:00,VEH00002,SO0001,VENDOR010,Fuel Vendor 010,Diesel,50.331,3.1546,158.77,120739.73
FPO00000219,1,FINV00000219,2024-04-16 14:32:00,VEH00002,SO0001,VENDOR020,Fuel Vendor 017,Diesel,76.947,3.4107,262.44,120744.01
FPO00000220,1,FINV00000220,2024-04-22 15:15:00,VEH00002,SO0001,VENDOR020,Fuel Vendor 018,Diesel,53.324,3.9185,208.95,120750.29
FPO00000221,1,FINV00000221,2024-04-29 10:19:00,VEH00002,SO0001,VENDOR007,Fuel Vendor 014,Diesel,66.295,3.2506,215.5,120755.4
FPO00000222,1,FINV00000222,2024-04-30 14:27:00,VEH00002,SO0001,VENDOR015,Fuel Vendor 010,Diesel,45.69,4.7675,217.83,120760.41
FPO00000223,1,FINV00000223,2024-05-04 19:10:00,VEH00002,SO0001,VENDOR002,Fuel Vendor 014,Diesel,51.24,3.2118,164.57,120764.47
FPO00000224,1,FINV00000224,2024-05-10 17:56:00,VEH00002,SO0001,VENDOR020,Fuel Vendor 006,Diesel,26.438,4.5182,119.45,120770.34
FPO00000225,1,FINV00000225,2024-05-13 13:53:00,VEH00002,SO0001,VENDOR018,Fuel Vendor 005,Diesel,82.372,3.4006,280.11,120775.31
FPO00000226,1,FINV00000226,2024-05-18 08:53:00,VEH00002,SO0001,VENDOR010,Fuel Vendor 005,Diesel,19.89,3.7393,74.37,120785.2
FPO00000227,1,FINV00000227,2024-05-26 13:46:00,VEH00002,SO0001,VENDOR010,Fuel Vendor 011,Diesel,86.551,3.7146,321.5,120789.56
FPO00000228,1,FINV00000228,2024-05-28 05:07:00,VEH00002,SO0001,VENDOR009,Fuel Vendor 008,Diesel,28.164,4.1309,116.34,120794.74
FPO00000229,1,FINV00000229,2024-06-07 08:29:00,VEH00002,SO0001,VENDOR012,Fuel Vendor 011,Diesel,62.45,4.4,274.78,120802.79
FPO00000230,1,FINV00000230,2024-06-14 18:38:00,VEH00002,SO0001,VENDOR013,Fuel Vendor 015,Diesel,34.366,4.4579,153.2,120807.49
FPO00000231,1,FINV00000231,2024-07-03 08:12:00,VEH00002,SO0001,VENDOR006,Fuel Vendor 006,Diesel,24.657,3.886,95.82,120815.45
FPO00000232,1,FINV00000232,2024-07-09 16:02:00,VEH00002,SO0001,VENDOR002,Fuel Vendor 001,Diesel,83.322,4.542,378.45,120819.97
FPO00000233,1,FINV00000233,2024-07-15 13:44:00,VEH00002,SO0001,VENDOR014,Fuel Vendor 018,Diesel,60.033,4.289,257.48,120827.66
FPO00000234,1,FINV00000234,2024-08-02 15:18:00,VEH00002,SO0001,VENDOR018,Fuel Vendor 013,Diesel,73.943,4.7925,354.37,120833.6
FPO00000235,1,FINV00000235,2024-08-06 15:10:00,VEH00002,SO0001,VENDOR003,Fuel Vendor 008,Diesel,26.159,4.7888,125.27,120838.51
FPO00000236,1,FINV00000236,2024-08-09 19:55:00,VEH00002,SO0001,VENDOR018,Fuel Vendor 009,Diesel,76.073,3.3089,251.72,120843.11
FPO00000237,1,FINV00000237,2024-08-14 06:56:00,VEH00002,SO0001,VENDOR008,Fuel Vendor 014,Diesel,64.148,3.5121,225.29,120847.34
FPO00000238,1,FINV00000238,2024-08-22 13:07:00,VEH00002,SO0001,VENDOR010,Fuel Vendor 012,Diesel,58.349,4.7032,274.43,120851.7
FPO00000239,1,FINV00000239,2024-08-24 12:50:00,VEH00002,SO0001,VENDOR013,Fuel Vendor 018,Diesel,88.792,4.1162,365.49,120859.24
FPO00000240,1,FINV00000240,2024-08-29 16:56:00,VEH00002,SO0001,VENDOR004,Fuel Vendor 013,Diesel,50.948,3.9733,202.43,120863.41
FPO00000241,1,FINV00000241,2024-09-01 05:54:00,VEH00002,SO0001,VENDOR009,Fuel Vendor 002,Diesel,68.892,3.6479,251.31,120867.23
FPO00000242,1,FINV00000242,2024-09-04 12:35:00,VEH00002,SO0001,VENDOR005,Fuel Vendor 006,Diesel,37.355,3.567,133.25,120872.45
FPO00000243,1,FINV00000243,2024-09-04 13:28:00,VEH00002,SO0001,VENDOR005,Fuel Vendor 001,Diesel,27.201,4.457,121.23,120877.68
FPO00000244,1,FINV00000244,2024-09-08 16:33:00,VEH00002,SO0001,VENDOR007,Fuel Vendor 017,Diesel,44.56,3.7252,165.99,120883.88
FPO00000245,1,FINV00000245,2024-09-09 16:10:00,VEH00002,SO0001,VENDOR015,Fuel Vendor 008,Diesel,84.539,4.5673,386.11,120892.39
FPO00000246,1,FINV00000246,2024-09-10 14:37:00,VEH00002,SO0001,VENDOR017,Fuel Vendor 012,Diesel,44.58,3.1643,141.06,120897.48
FPO00000247,1,FINV00000247,2024-09-13 13:50:00,VEH00002,SO0001,VENDOR011,Fuel Vendor 018,Diesel,30.843,4.4411,136.98,120902.59
FPO00000248,1,FINV00000248,2024-09-13 10:55:00,VEH00002,SO0001,VENDOR004,Fuel Vendor 006,Diesel,88.069,4.7534,418.63,120911.54
FPO00000249,1,FINV00000249,2024-09-17 06:09:00,VEH00002,SO0001,VENDOR004,Fuel Vendor 010,Diesel,30.434,3.6388,110.74,120918.6
FPO00000250,1,FINV00000250,2024-09-22 06:02:00,VEH00002,SO0001,VENDOR014,Fuel Vendor 004,Diesel,55.936,4.7924,268.07,120923.33
FPO00000251,1,FINV00000251,2024-09-25 06:46:00,VEH00002,SO0001,VENDOR015,Fuel Vendor 013,Diesel,43.119,3.5205,151.8,120927.46
FPO00000252,1,FINV00000252,2024-09-25 17:20:00,VEH00002,SO0001,VENDOR010,Fuel Vendor 002,Diesel,60.411,4.0274,243.3,120932.65
FPO00000253,1,FINV00000253,2024-09-26 15:35:00,VEH00002,SO0001,VENDOR018,Fuel Vendor 001,Diesel,33.041,3.8421,126.95,120938.63
FPO00000254,1,FINV00000254,2024-09-27 15:57:00,VEH00002,SO0001,VENDOR017,Fuel Vendor 013,Diesel,83.241,3.7381,311.16,120947.32
FPO00000255,1,FINV00000255,2024-09-29 12:12:00,VEH00002,SO0001,VENDOR020,Fuel Vendor 003,Diesel,26.635,4.8414,128.95,120951.78
FPO00000256,1,FINV00000256,2024-10-04 12:31:00,VEH00002,SO0001,VENDOR004,Fuel Vendor 020,Diesel,29.47,4.3291,127.58,120957.89
FPO00000257,1,FINV00000257,2024-10-06 19:15:00,VEH00002,SO0001,VENDOR016,Fuel Vendor 004,Diesel,55.28,3.5751,197.63,120964.47
FPO00000258,1,FINV00000258,2024-11-01 17:10:00,VEH00002,SO0001,VENDOR004,Fuel Vendor 003,Diesel,53.834,4.7468,255.54,120971.37
FPO00000259,1,FINV00000259,2024-11-01 14:02:00,VEH00002,SO0001,VENDOR019,Fuel Vendor 012,Diesel,20.462,4.3054,88.1,120975.18
FPO00000260,1,FINV00000260,2024-11-06 07:53:00,VEH00002,SO0001,VENDOR001,Fuel Vendor 009,Diesel,61.115,4.802,293.47,120983.99
FPO00000261,1,FINV00000261,2024-11-07 14:53:00,VEH00002,SO0001,VENDOR017,Fuel Vendor 013,Diesel,43.055,3.1497,135.61,120990.83
FPO00000262,1,FINV00000262,2024-11-10 18:13:00,VEH00002,SO0001,VENDOR018,Fuel Vendor 009,Diesel,18.468,4.042,74.65,120996.62
FPO00000263,1,FINV00000263,2024-11-15 08:34:00,VEH00002,SO0001,VENDOR007,Fuel Vendor 007,Diesel,21.932,3.218,70.58,121004.34
FPO00000264,1,FINV00000264,2024-11-18 12:57:00,VEH00002,SO0001,VENDOR014,Fuel Vendor 003,Diesel,45.491,4.6476,211.42,121008.83
FPO00000265,1,FINV00000265,2024-11-29 06:11:00,VEH00002,SO0001,VENDOR020,Fuel Vendor 009,Diesel,85.807,3.7527,322.01,121014.42
FPO00000266,1,FINV00000266,2024-12-04 12:45:00,VEH00002,SO0001,VENDOR015,Fuel Vendor 015,Diesel,66.672,3.7261,248.43,121036.23
FPO00000267,1,FINV00000267,2024-12-11 17:32:00,VEH00002,SO0001,VENDOR003,Fuel Vendor 009,Diesel,45.488,3.9389,179.17,121041.11
FPO00000268,1,FINV00000268,2024-12-17 13:20:00,VEH00002,SO0001,VENDOR007,Fuel Vendor 008,Diesel,87.873,3.6468,320.46,121044.88
FPO00000269,1,FINV00000269,2024-12-20 16:35:00,VEH00002,SO0001,VENDOR003,Fuel Vendor 004,Diesel,87.125,3.418,297.79,121049.53
FPO00000270,1,FINV00000270,2025-01-11 10:39:00,VEH00002,SO0001,VENDOR010,Fuel Vendor 019,Diesel,28.465,4.0754,116.01,121053.33
FPO00000271,1,FINV00000271,2025-01-29 09:21:00,VEH00002,SO0001,VENDOR006,Fuel Vendor 014,Diesel,25.447,4.6048,117.18,121060.32
FPO00000272,1,FINV00000272,2025-02-04 15:10:00,VEH00002,SO0001,VENDOR008,Fuel Vendor 011,Diesel,49.089,3.3392,163.92,121066.21
FPO00000273,1,FINV00000273,2025-02-09 15:55:00,VEH00002,SO0001,VENDOR019,Fuel Vendor 011,Diesel,75.07,4.3674,327.86,121071.24
FPO00000274,1,FINV00000274,2025-02-16 17:37:00,VEH00002,SO0001,VENDOR003,Fuel Vendor 013,Diesel,27.592,4.3546,120.15,121077.6
FPO00000275,1,FINV00000275,2025-02-17 16:19:00,VEH00002,SO0001,VENDOR015,Fuel Vendor 012,Diesel,45.826,3.5944,164.72,121082.71
FPO00000276,1,FINV00000276,2025-02-25 06:36:00,VEH00002,SO0001,VENDOR020,Fuel Vendor 006,Diesel,38.557,3.783,145.86,121089.02
FPO00000277,1,FINV00000277,2025-03-01 05:43:00,VEH00002,SO0001,VENDOR011,Fuel Vendor 019,Diesel,75.562,3.3903,256.18,121095.36
FPO00000278,1,FINV00000278,2025-03-05 16:42:00,VEH00002,SO0001,VENDOR003,Fuel Vendor 006,Diesel,37.958,4.8179,182.88,121102.03
FPO00000279,1,FINV00000279,2025-03-05 12:08:00,VEH00002,SO0001,VENDOR002,Fuel Vendor 018,Diesel,30.808,4.1765,128.67,121110.45
FPO00000280,1,FINV00000280,2025-03-09 17:09:00,VEH00002,SO0001,VENDOR008,Fuel Vendor 019,Diesel,26.51,3.1935,84.66,121114.77
FPO00000281,1,FINV00000281,2025-04-14 12:13:00,VEH00002,SO0001,VENDOR005,Fuel Vendor 011,Diesel,27.762,3.688,102.39,121123.48
FPO00000282,1,FINV00000282,2025-04-17 06:22:00,VEH00002,SO0001,VENDOR012,Fuel Vendor 001,Diesel,52.649,4.7088,247.91,121129.57
FPO00000283,1,FINV00000283,2025-04-21 18:01:00,VEH00002,SO0001,VENDOR002,Fuel Vendor 010,Diesel,67.291,4.7845,321.95,121138.57
FPO00000284,1,FINV00000284,2025-04-24 12:54:00,VEH00002,SO0001,VENDOR012,Fuel Vendor 017,Diesel,44.129,4.2411,187.16,121144.29
FPO00000285,1,FINV00000285,2025-05-07 09:43:00,VEH00002,SO0001,VENDOR019,Fuel Vendor 015,Diesel,67.891,4.1845,284.09,121149.22
FPO00000286,1,FINV00000286,2025-05-19 15:36:00,VEH00002,SO0001,VENDOR010,Fuel Vendor 004,Diesel,83.286,4.1199,343.13,121158.01
FPO00000287,1,FINV00000287,2025-05-23 15:45:00,VEH00002,SO0001,VENDOR004,Fuel Vendor 004,Diesel,85.423,4.5562,389.2,121162.41
FPO00000288,1,FINV00000288,2025-05-23 07:40:00,VEH00002,SO0001,VENDOR013,Fuel Vendor 011,Diesel,21.221,3.2061,68.04,121168.69
FPO00000289,1,FINV00000289,2025-05-25 18:14:00,VEH00002,SO0001,VENDOR018,Fuel Vendor 007,Diesel,70.138,3.3254,233.24,121173.22
FPO00000290,1,FINV00000290,2025-06-22 10:49:00,VEH00002,SO0001,VENDOR018,Fuel Vendor 007,Diesel,58.596,4.1377,242.45,121180.43
FPO00000291,1,FINV00000291,2025-06-23 19:57:00,VEH00002,SO0001,VENDOR015,Fuel Vendor 002,Diesel,31.906,4.6198,147.4,121186.05
FPO00000292,1,FINV00000292,2025-06-28 16:38:00,VEH00002,SO0001,VENDOR019,Fuel Vendor 012,Diesel,77.405,3.5637,275.85,121191.45
FPO00000293,1,FINV00000293,2025-07-04 06:27:00,VEH00002,SO0001,VENDOR005,Fuel Vendor 002,Diesel,63.036,3.2356,203.96,121198.64
FPO00000294,1,FINV00000294,2025-07-05 05:10:00,VEH00002,SO0001,VENDOR012,Fuel Vendor 012,Diesel,81.132,4.0986,332.53,121206.7
FPO00000295,1,FINV00000295,2025-07-06 14:22:00,VEH00002,SO0001,VENDOR005,Fuel Vendor 010,Diesel,18.957,3.2707,62.0,121214.18
FPO00000296,1,FINV00000296,2025-07-09 08:10:00,VEH00002,SO0001,VENDOR020,Fuel Vendor 002,Diesel,42.143,3.2571,137.26,121222.69
FPO00000297,1,FINV00000297,2025-07-13 07:35:00,VEH00002,SO0001,VENDOR018,Fuel Vendor 014,Diesel,67.757,3.4931,236.68,121227.49
FPO00000298,1,FINV00000298,2025-07-17 07:45:00,VEH00002,SO0001,VENDOR008,Fuel Vendor 005,Diesel,42.356,4.1079,173.99,121235.54
FPO00000299,1,FINV00000299,2025-07-20 19:30:00,VEH00002,SO0001,VENDOR014,Fuel Vendor 018,Diesel,86.68,3.5203,305.14,121239.42
FPO00000300,1,FINV00000300,2025-07-25 13:48:00,VEH00002,SO0001,VENDOR014,Fuel Vendor 014,Diesel,18.742,3.6952,69.26,121243.87
FPO00000301,1,FINV00000301,2025-07-31 13:44:00,VEH00002,SO0001,VENDOR009,Fuel Vendor 003,Diesel,64.874,4.6813,303.69,121251.52
FPO00000302,1,FINV00000302,2025-08-02 12:54:00,VEH00002,SO0001,VENDOR008,Fuel Vendor 014,Diesel,50.234,4.162,209.07,121258.88
FPO00000303,1,FINV00000303,2025-08-05 08:40:00,VEH00002,SO0001,VENDOR003,Fuel Vendor 011,Diesel,59.445,4.6067,273.85,121265.01
FPO00000304,1,FINV00000304,2025-08-07 07:21:00,VEH00002,SO0001,VENDOR017,Fuel Vendor 005,Diesel,42.753,4.5069,192.68,121270.78
FPO00000305,1,FINV00000305,2025-08-15 06:50:00,VEH00002,SO0001,VENDOR015,Fuel Vendor 005,Diesel,32.07,4.2716,136.99,121276.21
FPO00000306,1,FINV00000306,2025-08-21 19:04:00,VEH00002,SO0001,VENDOR003,Fuel Vendor 016,Diesel,37.17,4.0072,148.95,121280.98
FPO00000307,1,FINV00000307,2025-08-22 09:24:00,VEH00002,SO0001,VENDOR014,Fuel Vendor 018,Diesel,37.317,3.3684,125.7,121289.53
FPO00000308,1,FINV00000308,2025-08-26 10:18:00,VEH00002,SO0001,VENDOR004,Fuel Vendor 013,Diesel,28.809,3.9234,113.03,121298.58
FPO00000309,1,FINV00000309,2025-08-27 07:30:00,VEH00002,SO0001,VENDOR020,Fuel Vendor 013,Diesel,45.074,4.1405,186.63,121305.52
FPO00000310,1,FINV00000310,2025-08-29 19:55:00,VEH00002,SO0001,VENDOR011,Fuel Vendor 011,Diesel,23.978,4.4424,106.52,121309.91
FPO00000311,1,FINV00000311,2025-09-03 11:14:00,VEH00002,SO0001,VENDOR019,Fuel Vendor 010,Diesel,77.575,3.6707,284.75,121317.65
FPO00000312,1,FINV00000312,2025-09-07 12:32:00,VEH00002,SO0001,VENDOR019,Fuel Vendor 002,Diesel,34.643,3.4855,120.75,121321.99
FPO00000313,1,FINV00000313,2025-09-13 05:24:00,VEH00002,SO0001,VENDOR013,Fuel Vendor 020,Diesel,64.464,3.3232,214.23,121326.99
FPO00000314,1,FINV00000314,2025-09-14 17:19:00,VEH00002,SO0001,VENDOR020,Fuel Vendor 016,Diesel,36.558,4.4289,161.91,121331.19
FPO00000315,1,FINV00000315,2025-09-19 09:54:00,VEH00002,SO0001,VENDOR006,Fuel Vendor 011,Diesel,85.811,3.6539,313.54,121343.07
FPO00000316,1,FINV00000316,2025-09-28 11:48:00,VEH00002,SO0001,VENDOR012,Fuel Vendor 004,Diesel,40.362,3.7552,151.57,121349.44
FPO00000317,1,FINV00000317,2025-10-08 11:27:00,VEH00002,SO0001,VENDOR005,Fuel Vendor 001,Diesel,47.49,4.2881,203.64,121356.5
FPO00000318,1,FINV00000318,2025-11-02 09:27:00,VEH00002,SO0001,VENDOR020,Fuel Vendor 002,Diesel,47.488,3.5747,169.76,121371.39
FPO00000319,1,FINV00000319,2025-11-08 11:16:00,VEH00002,SO0001,VENDOR003,Fuel Vendor 010,Diesel,23.139,4.455,103.08,121379.71
FPO00000320,1,FINV00000320,2025-11-17 19:42:00,VEH00002,SO0001,VENDOR009,Fuel Vendor 003,Diesel,39.659,4.3331,171.85,121388.25
FPO00000321,1,FINV00000321,2025-11-27 19:27:00,VEH00002,SO0001,VENDOR010,Fuel Vendor 006,Diesel,87.282,4.0063,349.68,121392.91
FPO00000322,1,FINV00000322,2025-12-02 09:38:00,VEH00002,SO0001,VENDOR011,Fuel Vendor 018,Diesel,52.982,4.3943,232.82,121398.11
FPO00000323,1,FINV00000323,2025-12-11 09:12:00,VEH00002,SO0001,VENDOR014,Fuel Vendor 002,Diesel,27.207,4.0807,111.02,121404.65
FPO00000324,1,FINV00000324,2025-12-11 06:09:00,VEH00002,SO0001,VENDOR007,Fuel Vendor 010,Diesel,29.612,3.8325,113.49,121409.74
FPO00000325,1,FINV00000325,2025-12-12 16:03:00,VEH00002,SO0001,VENDOR015,Fuel Vendor 018,Diesel,86.455,3.9754,343.69,121416.67
FPO00000326,1,FINV00000326,2025-12-14 12:14:00,VEH00002,SO0001,VENDOR012,Fuel Vendor 016,Diesel,45.336,3.6057,163.47,121422.97
FPO00000327,1,FINV00000327,2025-12-16 07:28:00,VEH00002,SO0001,VENDOR004,Fuel Vendor 011,Diesel,37.581,3.611,135.7,121428.41
FPO00000328,1,FINV00000328,2025-12-17 16:03:00,VEH00002,SO0001,VENDOR019,Fuel Vendor 014,Diesel,88.883,3.5432,314.93,121434.98
FPO00000329,1,FINV00000329,2025-12-17 12:25:00,VEH00002,SO0001,VENDOR004,Fuel Vendor 015,Diesel,78.369,3.272,256.42,121439.31
FPO00000330,1,FINV00000330,2025-12-23 17:30:00,VEH00002,SO0001,VENDOR012,Fuel Vendor 018,Diesel,21.115,3.4995,73.89,121444.86
FPO00000331,1,FINV00000331,2025-12-31 06:05:00,VEH00002,SO0001,VENDOR004,Fuel Vendor 016,Diesel,77.134,3.5545,274.17,121450.17
FPO00000332,1,FINV00000332,2026-01-04 12:33:00,VEH00002,SO0001,VENDOR019,Fuel Vendor 019,Diesel,41.129,3.4106,140.27,121453.8
FPO00000333,1,FINV00000333,2026-01-11 18:53:00,VEH00002,SO0001,VENDOR008,Fuel Vendor 011,Diesel,55.465,3.6051,199.96,121460.66
FPO00000334,1,FINV00000334,2026-01-15 10:30:00,VEH00002,SO0001,VENDOR007,Fuel Vendor 012,Diesel,24.753,3.6805,91.1,121469.43
FPO00000335,1,FINV00000335,2026-02-03 14:37:00,VEH00002,SO0001,VENDOR007,Fuel Vendor 014,Diesel,88.95,3.1549,280.63,121473.42
FPO00000336,1,FINV00000336,2026-02-16 10:27:00,VEH00002,SO0001,VENDOR001,Fuel Vendor 008,Diesel,26.694,4.4198,117.98,121478.85
FPO00000337,1,FINV00000337,2026-02-18 10:16:00,VEH00002,SO0001,VENDOR009,Fuel Vendor 008,Diesel,66.625,3.5476,236.36,121486.32
FPO00000338,1,FINV00000338,2026-02-19 14:23:00,VEH00002,SO0001,VENDOR020,Fuel Vendor 017,Diesel,18.998,3.6745,69.81,121491.55
FPO00000339,1,FINV00000339,2026-02-19 12:51:00,VEH00002,SO0001,VENDOR008,Fuel Vendor 006,Diesel,52.176,4.0897,213.38,121495.89
FPO00000340,1,FINV00000340,2026-02-20 19:55:00,VEH00002,SO0001,VENDOR016,Fuel Vendor 017,Diesel,49.634,4.1507,206.02,121503.47
FPO00000341,1,FINV00000341,2026-02-21 14:52:00,VEH00002,SO0001,VENDOR003,Fuel Vendor 015,Diesel,38.616,4.6429,179.29,121510.91
FPO00000342,1,FINV00000342,2026-02-21 07:48:00,VEH00002,SO0001,VENDOR005,Fuel Vendor 013,Diesel,50.251,3.1665,159.12,121514.9
FPO00000343,1,FINV00000343,2026-02-25 14:34:00,VEH00002,SO0001,VENDOR003,Fuel Vendor 020,Diesel,46.826,3.1431,147.18,121519.6
FPO00000344,1,FINV00000344,2026-03-02 10:11:00,VEH00002,SO0001,VENDOR014,Fuel Vendor 002,Diesel,26.451,3.402,89.99,121525.53
FPO00000345,1,FINV00000345,2026-03-08 08:40:00,VEH00002,SO0001,VENDOR008,Fuel Vendor 018,Diesel,53.095,4.7294,251.11,121531.22
FPO00000346,1,FINV00000346,2026-03-09 14:24:00,VEH00002,SO0001,VENDOR019,Fuel Vendor 009,Diesel,82.787,3.839,317.82,121538.81
FPO00000347,1,FINV00000347,2026-03-11 15:05:00,VEH00002,SO0001,VENDOR015,Fuel Vendor 008,Diesel,38.244,4.6378,177.37,121546.16
FPO00000348,1,FINV00000348,2026-03-18 09:14:00,VEH00002,SO0001,VENDOR019,Fuel Vendor 007,Diesel,28.577,4.0774,116.52,121550.84
FPO00000349,1,FINV00000349,2026-03-19 16:42:00,VEH00002,SO0001,VENDOR015,Fuel Vendor 006,Diesel,86.916,3.6821,320.03,121556.16
FPO00000350,1,FINV00000350,2026-03-30 06:53:00,VEH00002,SO0001,VENDOR001,Fuel Vendor 016,Diesel,25.907,3.8501,99.74,121564.35
FPO00000351,1,FINV00000351,2026-04-02 13:08:00,VEH00002,SO0001,VENDOR011,Fuel Vendor 017,Diesel,53.551,3.4329,183.84,121568.42
FPO00000352,1,FINV00000352,2026-04-07 13:33:00,VEH00002,SO0001,VENDOR002,Fuel Vendor 011,Diesel,57.987,4.3736,253.61,121576.1
FPO00000353,1,FINV00000353,2026-04-14 17:16:00,VEH00002,SO0001,VENDOR006,Fuel Vendor 012,Diesel,67.741,4.136,280.18,121582.34
FPO00000354,1,FINV00000354,2026-04-15 11:32:00,VEH00002,SO0001,VENDOR009,Fuel Vendor 001,Diesel,45.659,4.4248,202.03,121589.37
FPO00000355,1,FINV00000355,2026-04-15 06:25:00,VEH00002,SO0001,VENDOR007,Fuel Vendor 017,Diesel,19.487,3.613,70.41,121596.43
FPO00000356,1,FINV00000356,2026-04-17 09:45:00,VEH00002,SO0001,VENDOR004,Fuel Vendor 015,Diesel,68.523,4.5291,310.35,121603.54
FPO00000357,1,FINV00000357,2026-04-21 06:21:00,VEH00002,SO0001,VENDOR015,Fuel Vendor 008,Diesel,67.326,3.8417,258.65,121609.9
FPO00000358,1,FINV00000358,2026-04-24 06:57:00,VEH00002,SO0001,VENDOR018,Fuel Vendor 008,Diesel,59.659,4.526,270.02,121616.33
FPO00000359,1,FINV00000359,2026-04-27 10:29:00,VEH00002,SO0001,VENDOR004,Fuel Vendor 016,Diesel,72.556,3.8637,280.33,121622.74
FPO00000360,1,FINV00000360,2026-04-28 06:34:00,VEH00002,SO0001,VENDOR009,Fuel Vendor 018,Diesel,72.161,3.7547,270.94,121626.85
FPO00000361,1,FINV00000361,2026-05-05 05:31:00,VEH00002,SO0001,VENDOR009,Fuel Vendor 018,Diesel,63.736,4.2084,268.23,121633.0
FPO00000362,1,FINV00000362,2026-05-09 07:02:00,VEH00002,SO0001,VENDOR004,Fuel Vendor 020,Diesel,54.22,4.6271,250.88,121640.53
FPO00000363,1,FINV00000363,2026-05-21 14:06:00,VEH00002,SO0001,VENDOR017,Fuel Vendor 012,Diesel,59.07,3.8523,227.56,121645.19
FPO00000364,1,FINV00000364,2026-05-28 13:32:00,VEH00002,SO0001,VENDOR016,Fuel Vendor 001,Diesel,31.123,3.7941,118.08,121651.64
FPO00000365,1,FINV00000365,2026-05-30 14:44:00,VEH00002,SO0001,VENDOR016,Fuel Vendor 004,Diesel,87.836,3.7435,328.81,121660.64
FPO00000366,1,FINV00000366,2026-06-05 08:40:00,VEH00002,SO0001,VENDOR019,Fuel Vendor 002,Diesel,57.067,4.8043,274.17,121664.45
FPO00000367,1,FINV00000367,2026-06-15 10:32:00,VEH00002,SO0001,VENDOR008,Fuel Vendor 020,Diesel,57.492,3.6352,208.99,121671.36
FPO00000368,1,FINV00000368,2026-06-29 17:20:00,VEH00002,SO0001,VENDOR013,Fuel Vendor 015,Diesel,41.661,4.1931,174.69,121676.27
FPO00000369,1,FINV00000369,2026-07-01 12:11:00,VEH00002,SO0001,VENDOR016,Fuel Vendor 015,Diesel,39.488,4.7801,188.76,121683.7
FPO00000370,1,FINV00000370,2026-07-03 08:21:00,VEH00002,SO0001,VENDOR012,Fuel Vendor 015,Diesel,25.453,3.3947,86.41,121689.45
FPO00000371,1,FINV00000371,2026-07-11 11:46:00,VEH00002,SO0001,VENDOR013,Fuel Vendor 005,Diesel,84.473,4.7198,398.7,121693.96
FPO00000372,1,FINV00000372,2026-07-19 11:07:00,VEH00002,SO0001,VENDOR018,Fuel Vendor 001,Diesel,69.495,3.8901,270.34,121698.66
FPO00000373,1,FINV00000373,2026-07-23 19:09:00,VEH00002,SO0001,VENDOR014,Fuel Vendor 010,Diesel,60.329,3.3481,201.99,121703.91
FPO00000374,1,FINV00000374,2026-07-24 12:26:00,VEH00002,SO0001,VENDOR003,Fuel Vendor 006,Diesel,50.638,4.2982,217.65,121708.76
FPO00000375,1,FINV00000375,2024-01-09 13:00:00,VEH00003,SO0001,VENDOR014,Fuel Vendor 001,Diesel,38.228,4.6225,176.71,72976.84
FPO00000376,1,FINV00000376,2024-01-12 07:03:00,VEH00003,SO0001,VENDOR011,Fuel Vendor 017,Diesel,59.284,4.1625,246.77,72982.02
FPO00000377,1,FINV00000377,2024-01-12 11:11:00,VEH00003,SO0001,VENDOR001,Fuel Vendor 020,Diesel,86.655,3.6395,315.38,72986.65
FPO00000378,1,FINV00000378,2024-01-14 13:29:00,VEH00003,SO0001,VENDOR017,Fuel Vendor 010,Diesel,42.322,4.561,193.03,72993.85
FPO00000379,1,FINV00000379,2024-01-27 10:13:00,VEH00003,SO0001,VENDOR004,Fuel Vendor 003,Diesel,86.261,4.6944,404.94,73002.65
FPO00000380,1,FINV00000380,2024-02-01 18:11:00,VEH00003,SO0001,VENDOR018,Fuel Vendor 011,Diesel,32.876,4.5273,148.84,73009.76
FPO00000381,1,FINV00000381,2024-02-10 16:09:00,VEH00003,SO0001,VENDOR004,Fuel Vendor 012,Diesel,69.966,3.679,257.4,73015.98
FPO00000382,1,FINV00000382,2024-02-18 17:36:00,VEH00003,SO0001,VENDOR020,Fuel Vendor 001,Diesel,30.841,3.3513,103.36,73022.3
FPO00000383,1,FINV00000383,2024-03-02 18:32:00,VEH00003,SO0001,VENDOR019,Fuel Vendor 016,Diesel,89.761,3.9899,358.14,73026.5
FPO00000384,1,FINV00000384,2024-03-04 12:05:00,VEH00003,SO0001,VENDOR013,Fuel Vendor 010,Diesel,55.356,3.6827,203.86,73032.57
FPO00000385,1,FINV00000385,2024-03-09 09:30:00,VEH00003,SO0001,VENDOR002,Fuel Vendor 016,Diesel,50.235,4.6284,232.51,73037.81
FPO00000386,1,FINV00000386,2024-03-11 18:13:00,VEH00003,SO0001,VENDOR008,Fuel Vendor 019,Diesel,50.495,4.6487,234.74,73041.66
FPO00000387,1,FINV00000387,2024-03-11 17:27:00,VEH00003,SO0001,VENDOR011,Fuel Vendor 004,Diesel,89.112,4.7695,425.02,73047.23
FPO00000388,1,FINV00000388,2024-03-12 15:25:00,VEH00003,SO0001,VENDOR001,Fuel Vendor 009,Diesel,19.812,4.6544,92.21,73053.76
FPO00000389,1,FINV00000389,2024-03-16 16:36:00,VEH00003,SO0001,VENDOR004,Fuel Vendor 009,Diesel,73.601,4.0285,296.5,73061.44
FPO00000390,1,FINV00000390,2024-03-19 18:27:00,VEH00003,SO0001,VENDOR013,Fuel Vendor 016,Diesel,18.271,3.7174,67.92,73070.17
FPO00000391,1,FINV00000391,2024-03-25 11:33:00,VEH00003,SO0001,VENDOR014,Fuel Vendor 005,Diesel,53.733,4.6903,252.02,73077.3
FPO00000392,1,FINV00000392,2024-03-28 08:59:00,VEH00003,SO0001,VENDOR016,Fuel Vendor 014,Diesel,53.659,3.8028,204.05,73085.14
FPO00000393,1,FINV00000393,2024-05-05 18:39:00,VEH00003,SO0001,VENDOR011,Fuel Vendor 001,Diesel,53.329,3.8655,206.14,73091.57
FPO00000394,1,FINV00000394,2024-05-08 12:36:00,VEH00003,SO0001,VENDOR006,Fuel Vendor 003,Diesel,77.179,4.801,370.54,73096.66
FPO00000395,1,FINV00000395,2024-05-14 16:03:00,VEH00003,SO0001,VENDOR015,Fuel Vendor 020,Diesel,19.832,3.6792,72.97,73100.82
FPO00000396,1,FINV00000396,2024-05-31 10:12:00,VEH00003,SO0001,VENDOR018,Fuel Vendor 005,Diesel,30.517,4.1156,125.6,73106.53
FPO00000397,1,FINV00000397,2024-06-01 09:02:00,VEH00003,SO0001,VENDOR016,Fuel Vendor 018,Diesel,29.3,3.2313,94.68,73114.57
FPO00000398,1,FINV00000398,2024-06-08 10:56:00,VEH00003,SO0001,VENDOR005,Fuel Vendor 008,Diesel,53.88,3.6813,198.35,73120.02
FPO00000399,1,FINV00000399,2024-06-15 19:05:00,VEH00003,SO0001,VENDOR017,Fuel Vendor 004,Diesel,66.511,4.4919,298.76,73127.09
FPO00000400,1,FINV00000400,2024-06-23 19:46:00,VEH00003,SO0001,VENDOR017,Fuel Vendor 020,Diesel,75.492,3.8384,289.77,73134.11
FPO00000401,1,FINV00000401,2024-06-26 10:50:00,VEH00003,SO0001,VENDOR017,Fuel Vendor 004,Diesel,20.365,4.057,82.62,73138.18
FPO00000402,1,FINV00000402,2024-06-27 16:34:00,VEH00003,SO0001,VENDOR017,Fuel Vendor 005,Diesel,50.433,4.2818,215.94,73142.52
FPO00000403,1,FINV00000403,2024-06-29 18:47:00,VEH00003,SO0001,VENDOR009,Fuel Vendor 002,Diesel,23.854,3.9812,94.97,73159.98
FPO00000404,1,FINV00000404,2024-07-18 14:51:00,VEH00003,SO0001,VENDOR019,Fuel Vendor 008,Diesel,50.2,4.5118,226.49,73167.77
FPO00000405,1,FINV00000405,2024-07-20 11:54:00,VEH00003,SO0001,VENDOR007,Fuel Vendor 009,Diesel,60.215,3.5238,212.19,73172.97
FPO00000406,1,FINV00000406,2024-07-20 18:21:00,VEH00003,SO0001,VENDOR014,Fuel Vendor 007,Diesel,23.799,4.3577,103.71,73178.6
FPO00000407,1,FINV00000407,2024-07-24 10:35:00,VEH00003,SO0001,VENDOR013,Fuel Vendor 005,Diesel,19.818,3.3536,66.46,73185.69
FPO00000408,1,FINV00000408,2024-07-28 12:07:00,VEH00003,SO0001,VENDOR006,Fuel Vendor 020,Diesel,34.025,4.0681,138.42,73192.8
FPO00000409,1,FINV00000409,2024-08-01 05:39:00,VEH00003,SO0001,VENDOR011,Fuel Vendor 008,Diesel,45.867,3.5502,162.84,73197.42
FPO00000410,1,FINV00000410,2024-08-03 07:13:00,VEH00003,SO0001,VENDOR001,Fuel Vendor 002,Diesel,51.437,3.6041,185.38,73201.84
FPO00000411,1,FINV00000411,2024-08-07 13:45:00,VEH00003,SO0001,VENDOR007,Fuel Vendor 013,Diesel,54.264,4.0819,221.5,73206.58
FPO00000412,1,FINV00000412,2024-08-09 11:38:00,VEH00003,SO0001,VENDOR018,Fuel Vendor 012,Diesel,29.596,3.7565,111.18,73212.46
FPO00000413,1,FINV00000413,2024-08-13 09:30:00,VEH00003,SO0001,VENDOR004,Fuel Vendor 012,Diesel,67.914,3.8254,259.8,73218.56
FPO00000414,1,FINV00000414,2024-08-14 12:05:00,VEH00003,SO0001,VENDOR002,Fuel Vendor 002,Diesel,25.781,3.6439,93.94,73224.83
FPO00000415,1,FINV00000415,2024-08-18 19:44:00,VEH00003,SO0001,VENDOR019,Fuel Vendor 016,Diesel,49.94,3.2371,161.66,73231.9
FPO00000416,1,FINV00000416,2024-08-19 10:47:00,VEH00003,SO0001,VENDOR019,Fuel Vendor 005,Diesel,50.169,4.2772,214.58,73238.91
FPO00000417,1,FINV00000417,2024-08-23 13:13:00,VEH00003,SO0001,VENDOR003,Fuel Vendor 017,Diesel,59.079,3.1802,187.88,73245.6
FPO00000418,1,FINV00000418,2024-09-02 12:26:00,VEH00003,SO0001,VENDOR015,Fuel Vendor 007,Diesel,33.416,3.4025,113.7,73249.85
FPO00000419,1,FINV00000419,2024-09-08 13:03:00,VEH00003,SO0001,VENDOR002,Fuel Vendor 007,Diesel,57.512,4.3028,247.46,73253.91
FPO00000420,1,FINV00000420,2024-09-18 14:54:00,VEH00003,SO0001,VENDOR005,Fuel Vendor 001,Diesel,34.499,3.3974,117.21,73261.03
FPO00000421,1,FINV00000421,2024-09-21 12:59:00,VEH00003,SO0001,VENDOR012,Fuel Vendor 008,Diesel,44.637,3.8811,173.24,73269.33
FPO00000422,1,FINV00000422,2024-09-26 11:10:00,VEH00003,SO0001,VENDOR001,Fuel Vendor 007,Diesel,80.579,4.817,388.15,73277.79
FPO00000423,1,FINV00000423,2024-09-27 11:50:00,VEH00003,SO0001,VENDOR013,Fuel Vendor 001,Diesel,51.721,4.8141,248.99,73283.36
FPO00000424,1,FINV00000424,2024-10-01 05:16:00,VEH00003,SO0001,VENDOR013,Fuel Vendor 009,Diesel,34.668,3.9288,136.2,73291.63
FPO00000425,1,FINV00000425,2024-10-02 12:26:00,VEH00003,SO0001,VENDOR009,Fuel Vendor 009,Diesel,54.413,3.8994,212.18,73300.98
FPO00000426,1,FINV00000426,2024-10-14 11:29:00,VEH00003,SO0001,VENDOR006,Fuel Vendor 003,Diesel,53.227,3.9249,208.91,73307.76
FPO00000427,1,FINV00000427,2024-10-24 16:10:00,VEH00003,SO0001,VENDOR008,Fuel Vendor 002,Diesel,55.078,3.8605,212.63,73311.61
FPO00000428,1,FINV00000428,2024-10-27 07:34:00,VEH00003,SO0001,VENDOR020,Fuel Vendor 013,Diesel,70.218,4.8317,339.27,73318.99
FPO00000429,1,FINV00000429,2024-10-28 05:52:00,VEH00003,SO0001,VENDOR007,Fuel Vendor 018,Diesel,36.1,4.8411,174.76,73322.92
FPO00000430,1,FINV00000430,2024-10-30 16:13:00,VEH00003,SO0001,VENDOR015,Fuel Vendor 009,Diesel,39.296,3.4318,134.86,73328.2
FPO00000431,1,FINV00000431,2024-10-31 13:38:00,VEH00003,SO0001,VENDOR014,Fuel Vendor 020,Diesel,49.253,3.8099,187.65,73333.58
FPO00000432,1,FINV00000432,2024-10-31 08:35:00,VEH00003,SO0001,VENDOR005,Fuel Vendor 017,Diesel,75.388,3.7817,285.09,73341.12
FPO00000433,1,FINV00000433,2024-11-14 09:50:00,VEH00003,SO0001,VENDOR004,Fuel Vendor 017,Diesel,25.383,3.7126,94.24,73348.81
FPO00000434,1,FINV00000434,2024-11-15 17:00:00,VEH00003,SO0001,VENDOR015,Fuel Vendor 015,Diesel,61.381,4.3812,268.92,73355.02
FPO00000435,1,FINV00000435,2024-11-16 19:38:00,VEH00003,SO0001,VENDOR003,Fuel Vendor 009,Diesel,28.435,3.2932,93.64,73361.94
FPO00000436,1,FINV00000436,2024-11-17 12:37:00,VEH00003,SO0001,VENDOR004,Fuel Vendor 014,Diesel,57.862,4.7697,275.98,73366.41
FPO00000437,1,FINV00000437,2024-11-24 10:42:00,VEH00003,SO0001,VENDOR005,Fuel Vendor 009,Diesel,44.451,4.8149,214.03,73373.0
FPO00000438,1,FINV00000438,2024-11-30 05:28:00,VEH00003,SO0001,VENDOR010,Fuel Vendor 014,Diesel,50.569,3.7307,188.66,73378.46
FPO00000439,1,FINV00000439,2024-12-04 10:00:00,VEH00003,SO0001,VENDOR017,Fuel Vendor 015,Diesel,89.482,4.0029,358.19,73384.58
FPO00000440,1,FINV00000440,2024-12-11 16:35:00,VEH00003,SO0001,VENDOR016,Fuel Vendor 013,Diesel,58.412,4.6894,273.92,73389.59
FPO00000441,1,FINV00000441,2024-12-30 09:57:00,VEH00003,SO0001,VENDOR013,Fuel Vendor 013,Diesel,77.413,4.3869,339.6,73396.62
FPO00000442,1,FINV00000442,2025-01-14 16:08:00,VEH00003,SO0001,VENDOR002,Fuel Vendor 014,Diesel,47.964,4.2156,202.2,73402.18
FPO00000443,1,FINV00000443,2025-01-18 14:18:00,VEH00003,SO0001,VENDOR017,Fuel Vendor 016,Diesel,41.723,4.7343,197.53,73406.46
FPO00000444,1,FINV00000444,2025-01-25 11:35:00,VEH00003,SO0001,VENDOR014,Fuel Vendor 004,Diesel,46.865,3.5211,165.02,73414.88
FPO00000445,1,FINV00000445,2025-01-25 06:04:00,VEH00003,SO0001,VENDOR018,Fuel Vendor 004,Diesel,28.185,3.615,101.89,73421.53
FPO00000446,1,FINV00000446,2025-01-27 11:37:00,VEH00003,SO0001,VENDOR008,Fuel Vendor 001,Diesel,45.645,3.7869,172.85,73426.85
FPO00000447,1,FINV00000447,2025-01-28 14:30:00,VEH00003,SO0001,VENDOR010,Fuel Vendor 004,Diesel,85.389,3.7434,319.65,73433.11
FPO00000448,1,FINV00000448,2025-01-28 14:25:00,VEH00003,SO0001,VENDOR005,Fuel Vendor 018,Diesel,53.533,3.623,193.95,73438.42
FPO00000449,1,FINV00000449,2025-01-29 14:02:00,VEH00003,SO0001,VENDOR015,Fuel Vendor 005,Diesel,58.423,3.9725,232.09,73447.04
FPO00000450,1,FINV00000450,2025-02-11 05:22:00,VEH00003,SO0001,VENDOR009,Fuel Vendor 007,Diesel,35.471,3.8606,136.94,73450.76
FPO00000451,1,FINV00000451,2025-02-11 13:08:00,VEH00003,SO0001,VENDOR007,Fuel Vendor 006,Diesel,72.115,3.3092,238.64,73456.7
FPO00000452,1,FINV00000452,2025-02-14 18:24:00,VEH00003,SO0001,VENDOR004,Fuel Vendor 016,Diesel,34.311,4.7164,161.82,73461.67
FPO00000453,1,FINV00000453,2025-02-23 17:46:00,VEH00003,SO0001,VENDOR011,Fuel Vendor 010,Diesel,64.805,3.1557,204.51,73468.14
FPO00000454,1,FINV00000454,2025-03-01 07:20:00,VEH00003,SO0001,VENDOR009,Fuel Vendor 016,Diesel,74.801,4.1271,308.71,73474.18
FPO00000455,1,FINV00000455,2025-03-06 06:42:00,VEH00003,SO0001,VENDOR001,Fuel Vendor 004,Diesel,71.575,4.2377,303.31,73478.75
FPO00000456,1,FINV00000456,2025-03-09 13:29:00,VEH00003,SO0001,VENDOR007,Fuel Vendor 011,Diesel,56.354,4.5438,256.06,73486.28
FPO00000457,1,FINV00000457,2025-03-13 10:15:00,VEH00003,SO0001,VENDOR011,Fuel Vendor 009,Diesel,47.743,4.6297,221.04,73496.2
FPO00000458,1,FINV00000458,2025-03-16 09:48:00,VEH00003,SO0001,VENDOR005,Fuel Vendor 013,Diesel,77.47,4.4944,348.18,73504.98
FPO00000459,1,FINV00000459,2025-03-20 10:18:00,VEH00003,SO0001,VENDOR003,Fuel Vendor 007,Diesel,66.212,4.7526,314.68,73513.36
FPO00000460,1,FINV00000460,2025-03-26 15:58:00,VEH00003,SO0001,VENDOR004,Fuel Vendor 008,Diesel,44.581,3.6185,161.32,73520.05
FPO00000461,1,FINV00000461,2025-04-01 05:50:00,VEH00003,SO0001,VENDOR011,Fuel Vendor 009,Diesel,66.632,4.7821,318.64,73524.72
FPO00000462,1,FINV00000462,2025-04-06 07:42:00,VEH00003,SO0001,VENDOR010,Fuel Vendor 001,Diesel,47.637,3.7934,180.71,73531.68
FPO00000463,1,FINV00000463,2025-04-07 16:26:00,VEH00003,SO0001,VENDOR012,Fuel Vendor 007,Diesel,44.987,4.2353,190.53,73537.15
FPO00000464,1,FINV00000464,2025-04-26 19:41:00,VEH00003,SO0001,VENDOR011,Fuel Vendor 018,Diesel,46.103,3.2425,149.49,73544.17
FPO00000465,1,FINV00000465,2025-05-08 06:00:00,VEH00003,SO0001,VENDOR002,Fuel Vendor 005,Diesel,49.115,3.2785,161.02,73550.06
FPO00000466,1,FINV00000466,2025-05-12 10:49:00,VEH00003,SO0001,VENDOR009,Fuel Vendor 003,Diesel,24.377,4.7699,116.28,73557.14
FPO00000467,1,FINV00000467,2025-05-15 12:49:00,VEH00003,SO0001,VENDOR016,Fuel Vendor 018,Diesel,29.592,3.7543,111.1,73563.94
FPO00000468,1,FINV00000468,2025-06-11 07:20:00,VEH00003,SO0001,VENDOR009,Fuel Vendor 016,Diesel,52.054,3.1703,165.03,73569.09
FPO00000469,1,FINV00000469,2025-06-12 06:04:00,VEH00003,SO0001,VENDOR004,Fuel Vendor 002,Diesel,53.969,3.6712,198.13,73577.5
FPO00000470,1,FINV00000470,2025-06-13 06:06:00,VEH00003,SO0001,VENDOR001,Fuel Vendor 004,Diesel,28.37,4.7923,135.96,73585.03
FPO00000471,1,FINV00000471,2025-06-15 08:34:00,VEH00003,SO0001,VENDOR019,Fuel Vendor 005,Diesel,63.538,3.8215,242.81,73589.55
FPO00000472,1,FINV00000472,2025-06-25 16:41:00,VEH00003,SO0001,VENDOR003,Fuel Vendor 020,Diesel,68.1,4.7784,325.41,73594.84
FPO00000473,1,FINV00000473,2025-06-26 05:56:00,VEH00003,SO0001,VENDOR001,Fuel Vendor 017,Diesel,48.574,3.9475,191.75,73600.01
FPO00000474,1,FINV00000474,2025-06-27 06:48:00,VEH00003,SO0001,VENDOR014,Fuel Vendor 011,Diesel,28.258,3.4137,96.46,73605.64
FPO00000475,1,FINV00000475,2025-07-01 11:42:00,VEH00003,SO0001,VENDOR019,Fuel Vendor 002,Diesel,24.821,3.3101,82.16,73613.47
FPO00000476,1,FINV00000476,2025-07-01 15:33:00,VEH00003,SO0001,VENDOR011,Fuel Vendor 017,Diesel,21.864,4.7415,103.67,73618.15
FPO00000477,1,FINV00000477,2025-07-05 12:07:00,VEH00003,SO0001,VENDOR016,Fuel Vendor 011,Diesel,64.151,4.3138,276.73,73624.35
FPO00000478,1,FINV00000478,2025-07-06 19:10:00,VEH00003,SO0001,VENDOR018,Fuel Vendor 018,Diesel,40.008,3.8905,155.65,73629.13
FPO00000479,1,FINV00000479,2025-07-06 15:58:00,VEH00003,SO0001,VENDOR019,Fuel Vendor 006,Diesel,54.183,4.3911,237.92,73633.7
FPO00000480,1,FINV00000480,2025-07-08 08:18:00,VEH00003,SO0001,VENDOR019,Fuel Vendor 012,Diesel,67.613,4.8361,326.98,73639.23
FPO00000481,1,FINV00000481,2025-07-13 18:17:00,VEH00003,SO0001,VENDOR015,Fuel Vendor 002,Diesel,22.364,4.5972,102.81,73644.78
FPO00000482,1,FINV00000482,2025-07-30 11:55:00,VEH00003,SO0001,VENDOR009,Fuel Vendor 016,Diesel,59.316,4.2863,254.25,73650.2
FPO00000483,1,FINV00000483,2025-08-07 16:54:00,VEH00003,SO0001,VENDOR013,Fuel Vendor 008,Diesel,89.956,3.7734,339.44,73654.85
FPO00000484,1,FINV00000484,2025-08-11 06:03:00,VEH00003,SO0001,VENDOR004,Fuel Vendor 004,Diesel,67.134,4.2194,283.27,73659.66
FPO00000485,1,FINV00000485,2025-08-11 09:13:00,VEH00003,SO0001,VENDOR010,Fuel Vendor 015,Diesel,73.651,4.5852,337.7,73665.03
FPO00000486,1,FINV00000486,2025-08-19 05:08:00,VEH00003,SO0001,VENDOR016,Fuel Vendor 015,Diesel,65.292,3.5664,232.86,73670.47
FPO00000487,1,FINV00000487,2025-08-21 12:18:00,VEH00003,SO0001,VENDOR013,Fuel Vendor 018,Diesel,47.515,4.6491,220.9,73675.73
FPO00000488,1,FINV00000488,2025-08-24 13:54:00,VEH00003,SO0001,VENDOR008,Fuel Vendor 007,Diesel,51.384,4.7523,244.19,73683.71
FPO00000489,1,FINV00000489,2025-09-08 08:01:00,VEH00003,SO0001,VENDOR010,Fuel Vendor 002,Diesel,81.832,3.6121,295.59,73688.39
FPO00000490,1,FINV00000490,2025-09-09 11:16:00,VEH00003,SO0001,VENDOR001,Fuel Vendor 020,Diesel,50.948,3.927,200.07,73692.82
FPO00000491,1,FINV00000491,2025-09-11 12:14:00,VEH00003,SO0001,VENDOR002,Fuel Vendor 018,Diesel,41.725,3.5496,148.11,73698.78
FPO00000492,1,FINV00000492,2025-09-12 12:40:00,VEH00003,SO0001,VENDOR016,Fuel Vendor 011,Diesel,55.806,4.029,224.84,73706.79
FPO00000493,1,FINV00000493,2025-09-14 05:36:00,VEH00003,SO0001,VENDOR020,Fuel Vendor 007,Diesel,24.556,4.0852,100.32,73713.58
FPO00000494,1,FINV00000494,2025-09-20 11:07:00,VEH00003,SO0001,VENDOR012,Fuel Vendor 007,Diesel,38.708,3.8065,147.34,73718.07
FPO00000495,1,FINV00000495,2025-09-23 10:15:00,VEH00003,SO0001,VENDOR006,Fuel Vendor 005,Diesel,50.927,3.2822,167.15,73724.92
FPO00000496,1,FINV00000496,2025-10-13 07:24:00,VEH00003,SO0001,VENDOR004,Fuel Vendor 005,Diesel,74.51,3.5321,263.18,73732.54
FPO00000497,1,FINV00000497,2025-10-19 05:19:00,VEH00003,SO0001,VENDOR014,Fuel Vendor 018,Diesel,86.541,4.3941,380.27,73736.83
FPO00000498,1,FINV00000498,2025-10-24 12:40:00,VEH00003,SO0001,VENDOR002,Fuel Vendor 019,Diesel,33.836,3.5117,118.82,73740.88
FPO00000499,1,FINV00000499,2025-10-25 16:47:00,VEH00003,SO0001,VENDOR010,Fuel Vendor 001,Diesel,63.78,4.7481,302.83,73748.75
FPO00000500,1,FINV00000500,2025-10-28 09:21:00,VEH00003,SO0001,VENDOR003,Fuel Vendor 015,Diesel,56.871,3.9438,224.29,73754.34
