vehicle_id,truck_number,sales_organization_id,vehicle_type,vehicle_class,capacity_cases,fuel_type,expected_mpg,model_year,active_flag
VEH00001,TRK-0001,SO0001,Straight Truck,Heavy Duty,688,Diesel,6.41,2018,True
VEH00002,TRK-0002,SO0001,Straight Truck,Heavy Duty,1402,Diesel,7.72,2019,True
VEH00003,TRK-0003,SO0001,Straight Truck,Medium Duty,1614,Diesel,6.95,2020,True
VEH00004,TRK-0004,SO0001,Tractor Trailer,Medium Duty,1059,Diesel,7.45,2025,True
VEH00005,TRK-0005,SO0002,Tractor Trailer,Medium Duty,610,Diesel,7.88,2024,True
VEH00006,TRK-0006,SO0002,Tractor Trailer,Medium Duty,1132,Diesel,7.53,2021,True
VEH00007,TRK-0007,SO0002,Tractor Trailer,Medium Duty,1494,Diesel,8.52,2021,True
VEH00008,TRK-0008,SO0002,Tractor Trailer,Heavy Duty,1156,Diesel,10.02,2025,True
VEH00009,TRK-0009,SO0003,Straight Truck,Heavy Duty,1665,Diesel,6.99,2024,True
VEH00010,TRK-0010,SO0003,Straight Truck,Medium Duty,1310,Diesel,8.74,2025,True
VEH00011,TRK-0011,SO0003,Box Truck,Medium Duty,706,Diesel,7.57,2021,True
VEH00012,TRK-0012,SO0003,Tractor Trailer,Heavy Duty,816,Diesel,6.0,2022,True
VEH00013,TRK-0013,SO0004,Tractor Trailer,Medium Duty,1355,Diesel,8.93,2026,True
VEH00014,TRK-0014,SO0004,Tractor Trailer,Heavy Duty,646,Diesel,6.93,2022,True
VEH00015,TRK-0015,SO0004,Tractor Trailer,Medium Duty,1101,Diesel,8.54,2019,True
VEH00016,TRK-0016,SO0004,Box Truck,Medium Duty,653,Diesel,9.61,2024,True
VEH00017,TRK-0017,SO0005,Tractor Trailer,Medium Duty,1488,Diesel,9.32,2023,True
VEH00018,TRK-0018,SO0005,Box Truck,Heavy Duty,1107,Diesel,7.24,2021,True
VEH00019,TRK-0019,SO0005,Straight Truck,Medium Duty,812,Diesel,7.8,2026,True
VEH00020,TRK-0020,SO0005,Box Truck,Medium Duty,1275,Diesel,6.21,2025,True
VEH00021,TRK-0021,SO0006,Box Truck,Medium Duty,1549,Diesel,10.1,2026,True
VEH00022,TRK-0022,SO0006,Tractor Trailer,Medium Duty,1143,Diesel,10.11,2021,True
VEH00023,TRK-0023,SO0006,Tractor Trailer,Medium Duty,892,Diesel,7.91,2018,True
VEH00024,TRK-0024,SO0006,Tractor Trailer,Medium Duty,884,Diesel,8.72,2025,True
VEH00025,TRK-0025,SO0007,Box Truck,Medium Duty,1493,Diesel,6.21,2025,True
VEH00026,TRK-0026,SO0007,Straight Truck,Heavy Duty,1324,Diesel,6.83,2019,True
VEH00027,TRK-0027,SO0007,Tractor Trailer,Medium Duty,751,Diesel,9.39,2022,True
VEH00028,TRK-0028,SO0007,Straight Truck,Medium Duty,1631,Diesel,8.62,2021,True
VEH00029,TRK-0029,SO0008,Straight Truck,Heavy Duty,1333,Diesel,9.91,2021,True
VEH00030,TRK-0030,SO0008,Straight Truck,Heavy Duty,669,Diesel,8.2,2018,True
VEH00031,TRK-0031,SO0008,Tractor Trailer,Heavy Duty,1619,Diesel,8.29,2021,True
VEH00032,TRK-0032,SO0008,Straight Truck,Medium Duty,1572,Diesel,6.98,2023,True
VEH00033,TRK-0033,SO0009,Straight Truck,Medium Duty,1045,Diesel,7.75,2018,True
VEH00034,TRK-0034,SO0009,Tractor Trailer,Heavy Duty,1237,Diesel,10.18,2023,True
VEH00035,TRK-0035,SO0009,Straight Truck,Medium Duty,1771,Diesel,10.29,2018,True
VEH00036,TRK-0036,SO0009,Straight Truck,Heavy Duty,968,Diesel,7.19,2025,True
VEH00037,TRK-0037,SO0010,Straight Truck,Heavy Duty,1166,Diesel,8.18,2020,True
VEH00038,TRK-0038,SO0010,Tractor Trailer,Medium Duty,1623,Diesel,9.06,2019,True
VEH00039,TRK-0039,SO0010,Tractor Trailer,Medium Duty,1122,Diesel,10.44,2023,True
VEH00040,TRK-0040,SO0010,Box Truck,Medium Duty,1669,Diesel,8.54,2024,True
VEH00041,TRK-0041,SO0011,Tractor Trailer,Medium Duty,1418,Diesel,6.1,2026,True
VEH00042,TRK-0042,SO0011,Box Truck,Medium Duty,1454,Diesel,6.87,2019,True
VEH00043,TRK-0043,SO0011,Tractor Trailer,Medium Duty,1281,Diesel,7.98,2019,True
VEH00044,TRK-0044,SO0011,Tractor Trailer,Heavy Duty,1728,Diesel,8.28,2019,True
VEH00045,TRK-0045,SO0012,Tractor Trailer,Medium Duty,1539,Diesel,8.91,2022,True
VEH00046,TRK-0046,SO0012,Straight Truck,Medium Duty,980,Diesel,10.35,2020,True
VEH00047,TRK-0047,SO0012,Box Truck,Heavy Duty,1471,Diesel,6.85,2018,True
VEH00048,TRK-0048,SO0012,Straight Truck,Heavy Duty,1328,Diesel,7.92,2025,True
VEH00049,TRK-0049,SO0013,Tractor Trailer,Medium Duty,939,Diesel,7.34,2022,True
VEH00050,TRK-0050,SO0013,Tractor Trailer,Medium Duty,665,Diesel,7.71,2020,True
VEH00051,TRK-0051,SO0013,Box Truck,Medium Duty,643,Diesel,6.38,2020,True
VEH00052,TRK-0052,SO0013,Tractor Trailer,Heavy Duty,949,Diesel,7.67,2019,True
VEH00053,TRK-0053,SO0014,Box Truck,Medium Duty,1075,Diesel,10.38,2024,True
VEH00054,TRK-0054,SO0014,Box Truck,Medium Duty,714,Diesel,6.9,2021,True
VEH00055,TRK-0055,SO0014,Straight Truck,Medium Duty,1288,Diesel,9.76,2020,True
VEH00056,TRK-0056,SO0014,Tractor Trailer,Medium Duty,1670,Diesel,10.38,2026,True
VEH00057,TRK-0057,SO0015,Straight Truck,Heavy Duty,913,Diesel,6.58,2020,True
VEH00058,TRK-0058,SO0015,Box Truck,Medium Duty,942,Diesel,7.97,2026,True
VEH00059,TRK-0059,SO0015,Box Truck,Heavy Duty,1435,Diesel,9.47,2019,True
VEH00060,TRK-0060,SO0015,Tractor Trailer,Medium Duty,1219,Diesel,8.63,2024,True
VEH00061,TRK-0061,SO0016,Tractor Trailer,Heavy Duty,1259,Diesel,6.73,2018,True
VEH00062,TRK-0062,SO0016,Tractor Trailer,Medium Duty,905,Diesel,10.28,2023,True
VEH00063,TRK-0063,SO0016,Straight Truck,Medium Duty,1176,Diesel,7.95,2024,True
VEH00064,TRK-0064,SO0016,Straight Truck,Heavy Duty,1731,Diesel,7.55,2018,True
VEH00065,TRK-0065,SO0017,Straight Truck,Medium Duty,1428,Diesel,8.33,2021,True
VEH00066,TRK-0066,SO0017,Straight Truck,Medium Duty,1412,Diesel,9.79,2020,True
VEH00067,TRK-0067,SO0017,Box Truck,Heavy Duty,1239,Diesel,6.96,2019,True
VEH00068,TRK-0068,SO0017,Box Truck,Medium Duty,1267,Diesel,9.62,2018,True
VEH00069,TRK-0069,SO0018,Straight Truck,Medium Duty,1572,Diesel,8.83,2020,True
VEH00070,TRK-0070,SO0018,Straight Truck,Heavy Duty,1155,Diesel,8.32,2023,True
VEH00071,TRK-0071,SO0018,Straight Truck,Heavy Duty,1413,Diesel,7.89,2018,True
VEH00072,TRK-0072,SO0018,Box Truck,Medium Duty,1524,Diesel,7.94,2022,True
VEH00073,TRK-0073,SO0019,Box Truck,Medium Duty,766,Diesel,6.28,2019,True
VEH00074,TRK-0074,SO0019,Box Truck,Medium Duty,1626,Diesel,8.13,2020,True
VEH00075,TRK-0075,SO0019,Tractor Trailer,Medium Duty,1513,Diesel,9.56,2025,True
VEH00076,TRK-0076,SO0019,Box Truck,Medium Duty,1772,Diesel,6.92,2024,True
VEH00077,TRK-0077,SO0020,Box Truck,Heavy Duty,1301,Diesel,7.36,2019,True
VEH00078,TRK-0078,SO0020,Tractor Trailer,Heavy Duty,1314,Diesel,8.6,2026,True
VEH00079,TRK-0079,SO0020,Box Truck,Heavy Duty,676,Diesel,8.73,2023,True
VEH00080,TRK-0080,SO0020,Straight Truck,Medium Duty,1129,Diesel,10.36,2018,True
VEH00081,TRK-0081,SO0021,Straight Truck,Medium Duty,1438,Diesel,9.54,2023,True
VEH00082,TRK-0082,SO0021,Tractor Trailer,Heavy Duty,991,Diesel,7.04,2020,True
VEH00083,TRK-0083,SO0021,Tractor Trailer,Heavy Duty,772,Diesel,7.21,2025,True
VEH00084,TRK-0084,SO0021,Tractor Trailer,Medium Duty,1009,Diesel,10.47,2024,True
VEH00085,TRK-0085,SO0022,Straight Truck,Heavy Duty,954,Diesel,6.81,2023,True
VEH00086,TRK-0086,SO0022,Box Truck,Medium Duty,1138,Diesel,8.58,2026,True
VEH00087,TRK-0087,SO0022,Tractor Trailer,Heavy Duty,1114,Diesel,9.74,2022,True
VEH00088,TRK-0088,SO0022,Tractor Trailer,Medium Duty,1432,Diesel,8.16,2025,True
VEH00089,TRK-0089,SO0023,Straight Truck,Medium Duty,683,Diesel,9.49,2023,True
VEH00090,TRK-0090,SO0023,Box Truck,Heavy Duty,607,Diesel,7.83,2024,True
VEH00091,TRK-0091,SO0023,Tractor Trailer,Medium Duty,1274,Diesel,8.48,2023,True
VEH00092,TRK-0092,SO0023,Tractor Trailer,Heavy Duty,1581,Diesel,8.77,2019,True
VEH00093,TRK-0093,SO0024,Box Truck,Heavy Duty,621,Diesel,6.78,2021,True
VEH00094,TRK-0094,SO0024,Straight Truck,Heavy Duty,623,Diesel,8.75,2024,True
VEH00095,TRK-0095,SO0024,Tractor Trailer,Medium Duty,642,Diesel,10.43,2022,True
VEH00096,TRK-0096,SO0024,Box Truck,Heavy Duty,1398,Diesel,10.23,2021,True
VEH00097,TRK-0097,SO0025,Box Truck,Medium Duty,1528,Diesel,8.24,2020,True
VEH00098,TRK-0098,SO0025,Tractor Trailer,Heavy Duty,1799,Diesel,6.8,2024,True
VEH00099,TRK-0099,SO0025,Box Truck,Medium Duty,1182,Diesel,10.05,2023,True
VEH00100,TRK-0100,SO0025,Tractor Trailer,Medium Duty,737,Diesel,7.12,2020,True
VEH00101,TRK-0101,SO0026,Straight Truck,Medium Duty,640,Diesel,7.9,2025,True
VEH00102,TRK-0102,SO0026,Straight Truck,Heavy Duty,1076,Diesel,8.18,2024,True
VEH00103,TRK-0103,SO0026,Box Truck,Heavy Duty,900,Diesel,9.91,2024,True
VEH00104,TRK-0104,SO0026,Straight Truck,Heavy Duty,934,Diesel,8.35,2025,True
VEH00105,TRK-0105,SO0027,Tractor Trailer,Heavy Duty,820,Diesel,10.23,2021,True
VEH00106,TRK-0106,SO0027,Box Truck,Heavy Duty,1087,Diesel,8.63,2022,True
VEH00107,TRK-0107,SO0027,Box Truck,Heavy Duty,1723,Diesel,8.63,2024,True
VEH00108,TRK-0108,SO0027,Straight Truck,Heavy Duty,618,Diesel,7.19,2024,True
VEH00109,TRK-0109,SO0028,Tractor Trailer,Heavy Duty,819,Diesel,7.27,2019,True
VEH00110,TRK-0110,SO0028,Tractor Trailer,Medium Duty,653,Diesel,6.19,2024,True
VEH00111,TRK-0111,SO0028,Straight Truck,Medium Duty,694,Diesel,9.2,2025,True
VEH00112,TRK-0112,SO0028,Box Truck,Heavy Duty,1528,Diesel,6.96,2025,True
VEH00113,TRK-0113,SO0029,Tractor Trailer,Medium Duty,1559,Diesel,8.04,2020,True
VEH00114,TRK-0114,SO0029,Straight Truck,Medium Duty,891,Diesel,9.09,2023,True
VEH00115,TRK-0115,SO0029,Box Truck,Heavy Duty,1515,Diesel,6.94,2021,True
VEH00116,TRK-0116,SO0029,Box Truck,Medium Duty,1529,Diesel,8.05,2026,True
VEH00117,TRK-0117,SO0030,Box Truck,Heavy Duty,1795,Diesel,7.05,2024,True
VEH00118,TRK-0118,SO0030,Tractor Trailer,Medium Duty,1655,Diesel,9.88,2024,True
VEH00119,TRK-0119,SO0030,Straight Truck,Heavy Duty,1620,Diesel,6.27,2024,True
VEH00120,TRK-0120,SO0030,Box Truck,Heavy Duty,1537,Diesel,7.35,2026,True
VEH00121,TRK-0121,SO0031,Box Truck,Medium Duty,794,Diesel,7.81,2021,True
VEH00122,TRK-0122,SO0031,Box Truck,Medium Duty,1549,Diesel,10.18,2025,True
VEH00123,TRK-0123,SO0031,Tractor Trailer,Medium Duty,1383,Diesel,10.34,2025,True
VEH00124,TRK-0124,SO0031,Straight Truck,Medium Duty,1619,Diesel,9.23,2023,True
VEH00125,TRK-0125,SO0032,Box Truck,Medium Duty,1269,Diesel,10.03,2025,True
VEH00126,TRK-0126,SO0032,Straight Truck,Heavy Duty,1649,Diesel,6.56,2021,True
VEH00127,TRK-0127,SO0032,Straight Truck,Medium Duty,1703,Diesel,10.18,2026,True
VEH00128,TRK-0128,SO0032,Tractor Trailer,Medium Duty,1335,Diesel,8.08,2025,True
VEH00129,TRK-0129,SO0033,Tractor Trailer,Heavy Duty,1036,Diesel,10.15,2025,True
VEH00130,TRK-0130,SO0033,Straight Truck,Heavy Duty,1007,Diesel,6.84,2019,True
VEH00131,TRK-0131,SO0033,Tractor Trailer,Medium Duty,758,Diesel,10.25,2025,True
VEH00132,TRK-0132,SO0033,Straight Truck,Medium Duty,1795,Diesel,8.74,2021,True
VEH00133,TRK-0133,SO0034,Box Truck,Heavy Duty,1238,Diesel,7.52,2025,True
VEH00134,TRK-0134,SO0034,Tractor Trailer,Medium Duty,998,Diesel,10.49,2019,True
VEH00135,TRK-0135,SO0034,Straight Truck,Medium Duty,1458,Diesel,6.81,2021,True
VEH00136,TRK-0136,SO0034,Tractor Trailer,Heavy Duty,795,Diesel,9.61,2026,True
VEH00137,TRK-0137,SO0035,Straight Truck,Heavy Duty,1491,Diesel,9.63,2023,True
VEH00138,TRK-0138,SO0035,Straight Truck,Heavy Duty,1523,Diesel,7.3,2024,True
VEH00139,TRK-0139,SO0035,Tractor Trailer,Medium Duty,1084,Diesel,9.09,2023,True
VEH00140,TRK-0140,SO0035,Box Truck,Heavy Duty,1384,Diesel,6.09,2024,True
VEH00141,TRK-0141,SO0036,Straight Truck,Medium Duty,1053,Diesel,10.48,2025,True
VEH00142,TRK-0142,SO0036,Straight Truck,Heavy Duty,798,Diesel,9.81,2022,True
VEH00143,TRK-0143,SO0036,Tractor Trailer,Medium Duty,942,Diesel,9.62,2024,True
VEH00144,TRK-0144,SO0036,Box Truck,Heavy Duty,672,Diesel,9.92,2021,True
VEH00145,TRK-0145,SO0037,Straight Truck,Heavy Duty,858,Diesel,10.21,2022,True
VEH00146,TRK-0146,SO0037,Tractor Trailer,Medium Duty,1038,Diesel,7.55,2019,True
VEH00147,TRK-0147,SO0037,Straight Truck,Heavy Duty,1064,Diesel,6.53,2019,True
VEH00148,TRK-0148,SO0037,Tractor Trailer,Heavy Duty,1613,Diesel,7.03,2022,True
VEH00149,TRK-0149,SO0038,Tractor Trailer,Medium Duty,832,Diesel,7.4,2025,True
VEH00150,TRK-0150,SO0038,Tractor Trailer,Medium Duty,1403,Diesel,7.07,2022,True
VEH00151,TRK-0151,SO0038,Tractor Trailer,Medium Duty,1580,Diesel,9.03,2022,True
VEH00152,TRK-0152,SO0038,Box Truck,Medium Duty,1674,Diesel,9.9,2023,True
VEH00153,TRK-0153,SO0039,Box Truck,Heavy Duty,1114,Diesel,7.74,2024,True
VEH00154,TRK-0154,SO0039,Box Truck,Medium Duty,1107,Diesel,7.63,2019,True
VEH00155,TRK-0155,SO0039,Tractor Trailer,Heavy Duty,1261,Diesel,6.35,2019,True
VEH00156,TRK-0156,SO0039,Tractor Trailer,Medium Duty,1763,Diesel,7.08,2025,True
VEH00157,TRK-0157,SO0040,Straight Truck,Heavy Duty,1538,Diesel,9.88,2022,True
VEH00158,TRK-0158,SO0040,Tractor Trailer,Heavy Duty,1023,Diesel,6.12,2024,True
VEH00159,TRK-0159,SO0040,Box Truck,Heavy Duty,657,Diesel,9.11,2023,True
VEH00160,TRK-0160,SO0040,Box Truck,Medium Duty,616,Diesel,10.08,2018,True
VEH00161,TRK-0161,SO0041,Tractor Trailer,Heavy Duty,826,Diesel,7.13,2025,True
VEH00162,TRK-0162,SO0041,Tractor Trailer,Medium Duty,768,Diesel,9.55,2024,True
VEH00163,TRK-0163,SO0041,Straight Truck,Medium Duty,1748,Diesel,8.29,2025,True
VEH00164,TRK-0164,SO0041,Box Truck,Heavy Duty,1608,Diesel,8.79,2018,True
VEH00165,TRK-0165,SO0042,Tractor Trailer,Medium Duty,1728,Diesel,6.99,2023,True
VEH00166,TRK-0166,SO0042,Tractor Trailer,Medium Duty,964,Diesel,8.75,2023,True
VEH00167,TRK-0167,SO0042,Tractor Trailer,Medium Duty,717,Diesel,6.54,2025,True
VEH00168,TRK-0168,SO0042,Straight Truck,Heavy Duty,1775,Diesel,9.65,2023,True
VEH00169,TRK-0169,SO0043,Tractor Trailer,Heavy Duty,975,Diesel,6.7,2026,True
VEH00170,TRK-0170,SO0043,Straight Truck,Heavy Duty,1229,Diesel,8.92,2021,True
VEH00171,TRK-0171,SO0043,Straight Truck,Medium Duty,898,Diesel,9.23,2019,True
VEH00172,TRK-0172,SO0043,Straight Truck,Medium Duty,1771,Diesel,9.33,2025,True
VEH00173,TRK-0173,SO0044,Tractor Trailer,Heavy Duty,1488,Diesel,9.57,2025,True
VEH00174,TRK-0174,SO0044,Straight Truck,Heavy Duty,1723,Diesel,8.21,2020,True
VEH00175,TRK-0175,SO0044,Box Truck,Medium Duty,1537,Diesel,6.9,2024,True
VEH00176,TRK-0176,SO0044,Box Truck,Heavy Duty,665,Diesel,8.52,2020,True
VEH00177,TRK-0177,SO0045,Tractor Trailer,Heavy Duty,674,Diesel,8.53,2023,True
VEH00178,TRK-0178,SO0045,Box Truck,Medium Duty,781,Diesel,6.92,2026,True
VEH00179,TRK-0179,SO0045,Straight Truck,Medium Duty,752,Diesel,7.38,2024,True
VEH00180,TRK-0180,SO0045,Straight Truck,Heavy Duty,1520,Diesel,10.33,2020,True
VEH00181,TRK-0181,SO0046,Tractor Trailer,Heavy Duty,1602,Diesel,6.74,2023,True
VEH00182,TRK-0182,SO0046,Straight Truck,Heavy Duty,1776,Diesel,8.89,2024,True
VEH00183,TRK-0183,SO0046,Straight Truck,Medium Duty,1619,Diesel,8.6,2022,True
VEH00184,TRK-0184,SO0046,Box Truck,Medium Duty,656,Diesel,8.52,2023,True
VEH00185,TRK-0185,SO0047,Straight Truck,Medium Duty,1018,Diesel,9.12,2025,True
VEH00186,TRK-0186,SO0047,Tractor Trailer,Heavy Duty,1389,Diesel,7.53,2019,True
VEH00187,TRK-0187,SO0047,Straight Truck,Heavy Duty,1755,Diesel,10.3,2023,True
VEH00188,TRK-0188,SO0047,Straight Truck,Medium Duty,1236,Diesel,8.28,2022,True
VEH00189,TRK-0189,SO0048,Box Truck,Heavy Duty,991,Diesel,9.13,2025,True
VEH00190,TRK-0190,SO0048,Tractor Trailer,Medium Duty,709,Diesel,7.88,2018,True
VEH00191,TRK-0191,SO0048,Straight Truck,Heavy Duty,789,Diesel,10.15,2020,True
VEH00192,TRK-0192,SO0048,Tractor Trailer,Heavy Duty,758,Diesel,8.82,2020,True
